{"type":"FeatureCollection","metadata":{"source":"OpenStreetMap contributors / Overpass","fetchedAt":"2026-09-23T11:35:24.795Z","osmTimestamp":"2026-06-01T08:52:28Z","bbox":[71.18,50.98,71.72,51.32],"description":"Mapped education and health amenities in the Astana study rectangle. Not an exhaustive register. Polygon amenities are represented by bounding-box centers. ODbL 1.0."},"features":[{"type":"Feature","id":"node/453247472","geometry":{"type":"Point","coordinates":[71.4878091,51.1521854]},"properties":{"amenity":"school","name":"Мирас","category":"education","osmId":"node/453247472","locationMethod":"OSM node"}},{"type":"Feature","id":"node/820811436","geometry":{"type":"Point","coordinates":[71.4576023,51.1598165]},"properties":{"amenity":"university","check_date":"2026-01-03","name":"КазУЭФиМТ","name:en":"KUEF","category":"education","osmId":"node/820811436","locationMethod":"OSM node"}},{"type":"Feature","id":"node/984465153","geometry":{"type":"Point","coordinates":[71.4390165,51.1530735]},"properties":{"amenity":"school","name":"Школа каратэ","category":"education","osmId":"node/984465153","locationMethod":"OSM node"}},{"type":"Feature","id":"node/1362647166","geometry":{"type":"Point","coordinates":[71.4226533,51.1805136]},"properties":{"amenity":"clinic","name":"ТОО \"Дом Здоровья\"","opening_hours":"Mo-Fr 08:00-20:00; Sa 08:00-15:00; Su off","category":"health","osmId":"node/1362647166","locationMethod":"OSM node"}},{"type":"Feature","id":"node/1698389965","geometry":{"type":"Point","coordinates":[71.4365158,51.1539104]},"properties":{"amenity":"hospital","name":"МДС Сервис","phone":"+71712567778","category":"health","osmId":"node/1698389965","locationMethod":"OSM node"}},{"type":"Feature","id":"node/2389187209","geometry":{"type":"Point","coordinates":[71.4299211,51.1195956]},"properties":{"amenity":"school","name":"ТОО Дошкольный учебно-воспитательный центр «Алпамыс»","category":"education","osmId":"node/2389187209","locationMethod":"OSM node"}},{"type":"Feature","id":"node/2639757423","geometry":{"type":"Point","coordinates":[71.4179681,51.186608]},"properties":{"amenity":"clinic","check_date:opening_hours":"2024-08-01","contact:phone":"+7 7172 397288","healthcare":"clinic","name":"Детская поликлиника №2","opening_hours:signed":"no","category":"health","osmId":"node/2639757423","locationMethod":"OSM node"}},{"type":"Feature","id":"node/2639757424","geometry":{"type":"Point","coordinates":[71.4159023,51.1868004]},"properties":{"amenity":"clinic","contact:phone":"+7 7172 398219","healthcare":"clinic","name":"Диасорб","category":"health","osmId":"node/2639757424","locationMethod":"OSM node"}},{"type":"Feature","id":"node/2671197590","geometry":{"type":"Point","coordinates":[71.4135324,51.0833588]},"properties":{"amenity":"hospital","healthcare":"hospital","name":"Шипагер","category":"health","osmId":"node/2671197590","locationMethod":"OSM node"}},{"type":"Feature","id":"node/3289879222","geometry":{"type":"Point","coordinates":[71.3918721,51.1675085]},"properties":{"amenity":"clinic","name":"Олимп","category":"health","osmId":"node/3289879222","locationMethod":"OSM node"}},{"type":"Feature","id":"node/3755503480","geometry":{"type":"Point","coordinates":[71.4726833,51.1360685]},"properties":{"amenity":"kindergarten","name":"Асыл Мирас Центр для детей с аутизмом","category":"education","osmId":"node/3755503480","locationMethod":"OSM node"}},{"type":"Feature","id":"node/3801735233","geometry":{"type":"Point","coordinates":[71.4232319,51.1725842]},"properties":{"amenity":"clinic","healthcare":"clinic","name":"Городская поликлиника №1 терапевтическое и педиатрическое отделения","category":"health","osmId":"node/3801735233","locationMethod":"OSM node"}},{"type":"Feature","id":"node/4004481489","geometry":{"type":"Point","coordinates":[71.4079744,51.16649]},"properties":{"amenity":"university","name":"Университет Астана","category":"education","osmId":"node/4004481489","locationMethod":"OSM node"}},{"type":"Feature","id":"node/4181740589","geometry":{"type":"Point","coordinates":[71.4193671,51.187075]},"properties":{"addr:housenumber":"37/1","addr:street":"Әлия Молдағұлова көшесі","amenity":"school","name":"Колледж Менеджмента и Бизнеса г.Астаны","category":"education","osmId":"node/4181740589","locationMethod":"OSM node"}},{"type":"Feature","id":"node/4242718989","geometry":{"type":"Point","coordinates":[71.4692042,51.1555917]},"properties":{"amenity":"university","contact:email":"msukz@mail.ru","contact:phone":"+7-7172-35-43-87","contact:website":"http://www.msu.kz","name":"М.В.Ломоносов атындағы Мәскеу мемлекеттік университетінің Қазақстандағы филиалы","name:kk":"М.В.Ломоносов атындағы Мәскеу мемлекеттік университетінің Қазақстандағы филиалы","name:ru":"Казахстанский филиал московского государственного университета имени М. В. Ломоносова","category":"education","osmId":"node/4242718989","locationMethod":"OSM node"}},{"type":"Feature","id":"node/4464718992","geometry":{"type":"Point","coordinates":[71.5792591,51.146958]},"properties":{"amenity":"school","name":"Школа №29","name:kk":"Школа №29","category":"education","osmId":"node/4464718992","locationMethod":"OSM node"}},{"type":"Feature","id":"node/4595045990","geometry":{"type":"Point","coordinates":[71.4061975,51.1952788]},"properties":{"amenity":"doctors","name":"КДЛ Олимп","name:ru":"КДЛ Олимп","opening_hours":"Mo-Fr 07:00-18:00; Sa 08:00-13:00","phone":"+77172597969","website":"https://www.kdl.kz/","category":"health","osmId":"node/4595045990","locationMethod":"OSM node"}},{"type":"Feature","id":"node/4595099291","geometry":{"type":"Point","coordinates":[71.4216677,51.1781857]},"properties":{"amenity":"clinic","name":"КДЛ Олимп","name:ru":"КДЛ Олимп","opening_hours":"Mo-Fr 07:00-18:00; Sa 08:00-13:00","phone":"+77172597969","website":"https://www.kdl.kz/","category":"health","osmId":"node/4595099291","locationMethod":"OSM node"}},{"type":"Feature","id":"node/4599743889","geometry":{"type":"Point","coordinates":[71.4414435,51.1668371]},"properties":{"amenity":"doctors","healthcare":"doctor","name":"КДЛ Олимп","name:ru":"КДЛ Олимп","opening_hours":"Mo-Fr 07:00-18:00; Sa 08:00-18:00","phone":"+77172597969","website":"https://www.kdl.kz/","category":"health","osmId":"node/4599743889","locationMethod":"OSM node"}},{"type":"Feature","id":"node/4601151592","geometry":{"type":"Point","coordinates":[71.4753905,51.1576369]},"properties":{"amenity":"hospital","name":"КДЛ Олимп","name:ru":"КДЛ Олимп","opening_hours":"Mo-Fr 07:00-18:00; Sa 08:00-13:00","phone":"597969","website":"https://www.kdl.kz/","category":"health","osmId":"node/4601151592","locationMethod":"OSM node"}},{"type":"Feature","id":"node/4620817989","geometry":{"type":"Point","coordinates":[71.4802747,51.1391927]},"properties":{"amenity":"school","email":"astana@deutsch-zentrum.com","name":"Центр немецкого языка","name:de":"Deutsch Zentrum","name:ru":"Центр немецкого языка","opening_hours":"Mo-Fr 09:00-13:00, 14:00-18:00","phone":"+77172767172","website":"https://www.deutsch-zentrum.com/","category":"education","osmId":"node/4620817989","locationMethod":"OSM node"}},{"type":"Feature","id":"node/4621828889","geometry":{"type":"Point","coordinates":[71.4273486,51.1848496]},"properties":{"amenity":"kindergarten","name":"Колледж","name:kk":"Колледж","category":"education","osmId":"node/4621828889","locationMethod":"OSM node"}},{"type":"Feature","id":"node/4691657189","geometry":{"type":"Point","coordinates":[71.425678,51.1607717]},"properties":{"amenity":"kindergarten","email":"info@sabiastana.kz","name":"Клуб материнства и детства \"Sabi\"","name:kk":"Ана мен бала клубы \"Sabi\"","name:ru":"Клуб материнства и детства \"Sabi\"","phone":"87172456997","website":"https://www.sabiastana.kz/","category":"education","osmId":"node/4691657189","locationMethod":"OSM node"}},{"type":"Feature","id":"node/4763352922","geometry":{"type":"Point","coordinates":[71.4201598,51.1393225]},"properties":{"addr:postcode":"000001","amenity":"kindergarten","name":"Детский сад \"Асыл\"","name:ru":"Детский сад \"Асыл\"","opening_hours":"Mo-Fr 07:30-20:00","phone":"87471778975","category":"education","osmId":"node/4763352922","locationMethod":"OSM node"}},{"type":"Feature","id":"node/4890275074","geometry":{"type":"Point","coordinates":[71.4536673,51.148586]},"properties":{"amenity":"clinic","name":"Городская поликлиника №13","category":"health","osmId":"node/4890275074","locationMethod":"OSM node"}},{"type":"Feature","id":"node/4890275076","geometry":{"type":"Point","coordinates":[71.4552371,51.149015]},"properties":{"amenity":"hospital","healthcare":"hospital","name":"Многопрофильная городская детская больница №1","name:kk":"№1 көпбейінді қалалық аурухана","category":"health","osmId":"node/4890275076","locationMethod":"OSM node"}},{"type":"Feature","id":"node/4891810523","geometry":{"type":"Point","coordinates":[71.4386308,51.1554705]},"properties":{"amenity":"college","name":"Международный колледж непрерывного образования","category":"education","osmId":"node/4891810523","locationMethod":"OSM node"}},{"type":"Feature","id":"node/4892204726","geometry":{"type":"Point","coordinates":[71.4414042,51.1515808]},"properties":{"amenity":"clinic","healthcare":"clinic","name":"Медикер Педиатрия","name:kk":"Медикер Педиатрия","name:ru":"Медикер Педиатрия","category":"health","osmId":"node/4892204726","locationMethod":"OSM node"}},{"type":"Feature","id":"node/4895560196","geometry":{"type":"Point","coordinates":[71.4545202,51.1754587]},"properties":{"amenity":"college","name":"Экономико-юридический колледж","category":"education","osmId":"node/4895560196","locationMethod":"OSM node"}},{"type":"Feature","id":"node/4897291361","geometry":{"type":"Point","coordinates":[71.448327,51.1744077]},"properties":{"amenity":"school","name":"Казахско-Турецкий лицей-интернат для одаренных юношей","category":"education","osmId":"node/4897291361","locationMethod":"OSM node"}},{"type":"Feature","id":"node/4897352992","geometry":{"type":"Point","coordinates":[71.4175916,51.169963]},"properties":{"amenity":"clinic","name":"Городская поликлиника № 1","phone":"+7 (7172) 32-36-40","website":"https://kalalykemhan1.kz/","category":"health","osmId":"node/4897352992","locationMethod":"OSM node"}},{"type":"Feature","id":"node/4897352993","geometry":{"type":"Point","coordinates":[71.4158506,51.1707012]},"properties":{"amenity":"school","check_date":"2025-06-16","education":"school","name":"Школа гимназия №2 им. Гафу Каирбекова","category":"education","osmId":"node/4897352993","locationMethod":"OSM node"}},{"type":"Feature","id":"node/4897352994","geometry":{"type":"Point","coordinates":[71.4175272,51.1707837]},"properties":{"addr:city":"Астана","addr:housenumber":"21","addr:postcode":"010000","addr:street":"Сәкен Сейфуллин көшесі","amenity":"school","denomination":"russian_orthodox","education":"school","grades":"1-11","name":"КГУ «Комплекс «Детский сад-школа-гимназия №47» Управления образования города Астаны","religion":"christian","website":"https://publicbudget.kz/ru/organ/view/442","category":"education","osmId":"node/4897352994","locationMethod":"OSM node"}},{"type":"Feature","id":"node/4899085153","geometry":{"type":"Point","coordinates":[71.4022385,51.1812881]},"properties":{"amenity":"school","name":"Школа-гимназия №14","opening_hours":"Mo-Fr 09:00-18:00; Sa 09:00-15:00","phone":"+7 717 250 1480","website":"https://14.astana-bilim.kz/","category":"education","osmId":"node/4899085153","locationMethod":"OSM node"}},{"type":"Feature","id":"node/4899086069","geometry":{"type":"Point","coordinates":[71.401788,51.1765315]},"properties":{"amenity":"kindergarten","name":"Детсад №25 Таншолпан","category":"education","osmId":"node/4899086069","locationMethod":"OSM node"}},{"type":"Feature","id":"node/4899639036","geometry":{"type":"Point","coordinates":[71.3773457,51.18685]},"properties":{"amenity":"clinic","name":"Детская поликлиника № 5","category":"health","osmId":"node/4899639036","locationMethod":"OSM node"}},{"type":"Feature","id":"node/4899639037","geometry":{"type":"Point","coordinates":[71.3788726,51.1864198]},"properties":{"amenity":"clinic","name":"Городская поликлиника № 5","phone":"+7 (7172) 28-95-29","website":"https://www.gp5-astana.kz/","category":"health","osmId":"node/4899639037","locationMethod":"OSM node"}},{"type":"Feature","id":"node/4899639038","geometry":{"type":"Point","coordinates":[71.3776088,51.1857244]},"properties":{"amenity":"school","name":"Школа-гимназия №58","opening_hours":"Mo-Sa 08:00-19:30","phone":"+7 7172 50 15 69","website":"https://58.astana-bilim.kz/","category":"education","osmId":"node/4899639038","locationMethod":"OSM node"}},{"type":"Feature","id":"node/4899731690","geometry":{"type":"Point","coordinates":[71.3797754,51.1915924]},"properties":{"amenity":"school","name":"Школа №20","category":"education","osmId":"node/4899731690","locationMethod":"OSM node"}},{"type":"Feature","id":"node/4899968737","geometry":{"type":"Point","coordinates":[71.3668451,51.2049773]},"properties":{"amenity":"kindergarten","name":"Детский сад \"Каракат\"","category":"education","osmId":"node/4899968737","locationMethod":"OSM node"}},{"type":"Feature","id":"node/4899969200","geometry":{"type":"Point","coordinates":[71.3652073,51.2009459]},"properties":{"amenity":"school","name":"Средняя школа №19","opening_hours":"Mo-Sa 08:15-17:20","phone":"+7 7172 50 15 57","website":"https://19.astana-bilim.kz/","category":"education","osmId":"node/4899969200","locationMethod":"OSM node"}},{"type":"Feature","id":"node/4900099964","geometry":{"type":"Point","coordinates":[71.3431546,51.1985299]},"properties":{"amenity":"kindergarten","name":"Детский сад №85","category":"education","osmId":"node/4900099964","locationMethod":"OSM node"}},{"type":"Feature","id":"node/4900099965","geometry":{"type":"Point","coordinates":[71.3366029,51.1973272]},"properties":{"amenity":"school","name":"Школа №68","category":"education","osmId":"node/4900099965","locationMethod":"OSM node"}},{"type":"Feature","id":"node/4900149832","geometry":{"type":"Point","coordinates":[71.3449427,51.1861884]},"properties":{"amenity":"school","name":"Школа №40","category":"education","osmId":"node/4900149832","locationMethod":"OSM node"}},{"type":"Feature","id":"node/4903360683","geometry":{"type":"Point","coordinates":[71.4009806,51.2075119]},"properties":{"amenity":"school","name":"Школа №49","category":"education","osmId":"node/4903360683","locationMethod":"OSM node"}},{"type":"Feature","id":"node/4903508195","geometry":{"type":"Point","coordinates":[71.5198481,51.1215394]},"properties":{"amenity":"school","name":"Школа №57","category":"education","osmId":"node/4903508195","locationMethod":"OSM node"}},{"type":"Feature","id":"node/4907817043","geometry":{"type":"Point","coordinates":[71.5603816,51.1463212]},"properties":{"amenity":"college","name":"Технический колледж","category":"education","osmId":"node/4907817043","locationMethod":"OSM node"}},{"type":"Feature","id":"node/4908782193","geometry":{"type":"Point","coordinates":[71.5951096,51.1263343]},"properties":{"amenity":"school","name":"Школа №44","category":"education","osmId":"node/4908782193","locationMethod":"OSM node"}},{"type":"Feature","id":"node/4908856489","geometry":{"type":"Point","coordinates":[71.6488624,51.1121712]},"properties":{"amenity":"kindergarten","name":"Детсад №60","category":"education","osmId":"node/4908856489","locationMethod":"OSM node"}},{"type":"Feature","id":"node/4908858029","geometry":{"type":"Point","coordinates":[71.6858661,51.1084665]},"properties":{"amenity":"school","name":"Школа №42","category":"education","osmId":"node/4908858029","locationMethod":"OSM node"}},{"type":"Feature","id":"node/4908968226","geometry":{"type":"Point","coordinates":[71.4190078,51.0980985]},"properties":{"amenity":"university","education":"university","name":"Казахская национальная академия хореографии","category":"education","osmId":"node/4908968226","locationMethod":"OSM node"}},{"type":"Feature","id":"node/4909178980","geometry":{"type":"Point","coordinates":[71.4305654,51.1618056]},"properties":{"amenity":"kindergarten","name":"Детсад №23","category":"education","osmId":"node/4909178980","locationMethod":"OSM node"}},{"type":"Feature","id":"node/4910725732","geometry":{"type":"Point","coordinates":[71.4763024,51.137505]},"properties":{"amenity":"school","name":"Школа-лицей № 53","category":"education","osmId":"node/4910725732","locationMethod":"OSM node"}},{"type":"Feature","id":"node/4910725786","geometry":{"type":"Point","coordinates":[71.4951986,51.1490403]},"properties":{"amenity":"hospital","name":"Национальный научный медицинский центр","name:kk":"Ұлттық ғылыми медициналық орталықтың","name:ru":"Национальный научный медицинский центр","category":"health","osmId":"node/4910725786","locationMethod":"OSM node"}},{"type":"Feature","id":"node/4910978225","geometry":{"type":"Point","coordinates":[71.4498478,51.1666212]},"properties":{"amenity":"college","name":"Высший колледж Казпотребсоюза","category":"education","osmId":"node/4910978225","locationMethod":"OSM node"}},{"type":"Feature","id":"node/4913160597","geometry":{"type":"Point","coordinates":[71.4236614,51.1805586]},"properties":{"amenity":"clinic","healthcare":"clinic","name":"№2 қалалық емхана","name:kk":"№2 қалалық емхана","name:ru":"Городская поликлиника №2","phone":"+7 (7172) 39-82-59","website":"https://www.gor-polic2.kz","category":"health","osmId":"node/4913160597","locationMethod":"OSM node"}},{"type":"Feature","id":"node/4913160608","geometry":{"type":"Point","coordinates":[71.4264589,51.1637164]},"properties":{"amenity":"kindergarten","name":"Детсад №5","category":"education","osmId":"node/4913160608","locationMethod":"OSM node"}},{"type":"Feature","id":"node/4913160733","geometry":{"type":"Point","coordinates":[71.4106125,51.1737367]},"properties":{"amenity":"university","check_date":"2025-04-19","name":"Национальна академия музыки Республики Казахстан","category":"education","osmId":"node/4913160733","locationMethod":"OSM node"}},{"type":"Feature","id":"node/4913421121","geometry":{"type":"Point","coordinates":[71.4513311,51.1500145]},"properties":{"amenity":"kindergarten","name:en":"Улагат","category":"education","osmId":"node/4913421121","locationMethod":"OSM node"}},{"type":"Feature","id":"node/4914025342","geometry":{"type":"Point","coordinates":[71.4270303,51.1825426]},"properties":{"amenity":"college","name":"Колледж Казахского университета технологии и бизнеса","category":"education","osmId":"node/4914025342","locationMethod":"OSM node"}},{"type":"Feature","id":"node/4914174855","geometry":{"type":"Point","coordinates":[71.4134756,51.1838136]},"properties":{"addr:housenumber":"37/1","addr:street":"Мәскеу көшесі","amenity":"hospital","healthcare":"hospital","name":"ҚР ҰҚК емханасы бар орталық әскери госпиталі","name:kk":"ҚР ҰҚК емханасы бар орталық әскери госпиталі","name:ru":"Центральный военный госпиталь с поликлиникой КНБ РК","category":"health","osmId":"node/4914174855","locationMethod":"OSM node"}},{"type":"Feature","id":"node/4914316480","geometry":{"type":"Point","coordinates":[71.4961964,51.1628351]},"properties":{"amenity":"hospital","healthcare":"hospital","name":"Многопрофильная областная больница №2","name:kk":"Облыстық көпбейінді №2 ауруханасы","category":"health","osmId":"node/4914316480","locationMethod":"OSM node"}},{"type":"Feature","id":"node/4914942748","geometry":{"type":"Point","coordinates":[71.391837,51.1776817]},"properties":{"amenity":"school","name":"Школа-интернат колледж олимпийского резерва","category":"education","osmId":"node/4914942748","locationMethod":"OSM node"}},{"type":"Feature","id":"node/4916060859","geometry":{"type":"Point","coordinates":[71.4237928,51.1645742]},"properties":{"amenity":"university","check_date":"2022-12-31","name":"Казахстанский филиал московского государственного университета имени М. В. Ломоносова","wikidata":"Q1804795","wikipedia":"en:Ministry of Agriculture (Kazakhstan)","category":"education","osmId":"node/4916060859","locationMethod":"OSM node"}},{"type":"Feature","id":"node/4918192681","geometry":{"type":"Point","coordinates":[71.5070593,51.1239636]},"properties":{"amenity":"kindergarten","name":"Детсад №66","category":"education","osmId":"node/4918192681","locationMethod":"OSM node"}},{"type":"Feature","id":"node/4918192682","geometry":{"type":"Point","coordinates":[71.5031326,51.125142]},"properties":{"amenity":"school","name":"Школа-гимназия №57","category":"education","osmId":"node/4918192682","locationMethod":"OSM node"}},{"type":"Feature","id":"node/4918193025","geometry":{"type":"Point","coordinates":[71.5056163,51.1269904]},"properties":{"amenity":"kindergarten","name":"Ясли-сад №67","category":"education","osmId":"node/4918193025","locationMethod":"OSM node"}},{"type":"Feature","id":"node/4919126654","geometry":{"type":"Point","coordinates":[71.4222532,51.1444164]},"properties":{"alt_name":"Казахстанско-Российский колледж","amenity":"college","name":"Колледж иновационных технологий","category":"education","osmId":"node/4919126654","locationMethod":"OSM node"}},{"type":"Feature","id":"node/4919306723","geometry":{"type":"Point","coordinates":[71.2521958,51.2479113]},"properties":{"amenity":"kindergarten","name":"Детсад Куншуак","category":"education","osmId":"node/4919306723","locationMethod":"OSM node"}},{"type":"Feature","id":"node/4919306724","geometry":{"type":"Point","coordinates":[71.253773,51.2474076]},"properties":{"amenity":"school","name":"Средняя школа","category":"education","osmId":"node/4919306724","locationMethod":"OSM node"}},{"type":"Feature","id":"node/4920065735","geometry":{"type":"Point","coordinates":[71.4083675,51.1891447]},"properties":{"amenity":"college","name":"Колледж менеджмента и бизнеса города Астаны","website":"http://kmib.net/","category":"education","osmId":"node/4920065735","locationMethod":"OSM node"}},{"type":"Feature","id":"node/4920065740","geometry":{"type":"Point","coordinates":[71.4087403,51.1883512]},"properties":{"amenity":"college","name":"Казахский национальный университет искусств","category":"education","osmId":"node/4920065740","locationMethod":"OSM node"}},{"type":"Feature","id":"node/4920065754","geometry":{"type":"Point","coordinates":[71.4064041,51.1830891]},"properties":{"amenity":"kindergarten","name":"Детсад №14","name:kk":"Ақбөпе","category":"education","osmId":"node/4920065754","locationMethod":"OSM node"}},{"type":"Feature","id":"node/4920065832","geometry":{"type":"Point","coordinates":[71.419968,51.1685065]},"properties":{"amenity":"university","name":"Академия государственного управления при Президенте РК","category":"education","osmId":"node/4920065832","locationMethod":"OSM node"}},{"type":"Feature","id":"node/4920065838","geometry":{"type":"Point","coordinates":[71.4165375,51.1631176]},"properties":{"amenity":"school","check_date":"2024-07-28","name":"Школа лицей № 1","category":"education","osmId":"node/4920065838","locationMethod":"OSM node"}},{"type":"Feature","id":"node/4926459188","geometry":{"type":"Point","coordinates":[71.4646697,51.1432351]},"properties":{"amenity":"kindergarten","name":"Детсад №8 Думан","category":"education","osmId":"node/4926459188","locationMethod":"OSM node"}},{"type":"Feature","id":"node/4926459192","geometry":{"type":"Point","coordinates":[71.4629102,51.1457659]},"properties":{"amenity":"clinic","name":"Центр традиционной медицины","name:ru":"Центр традиционной медицины","category":"health","osmId":"node/4926459192","locationMethod":"OSM node"}},{"type":"Feature","id":"node/4929468025","geometry":{"type":"Point","coordinates":[71.389766,51.1939922]},"properties":{"amenity":"kindergarten","name":"Детский сад","name:kk":"Балабақша","name:ru":"Детский сад","opening_hours":"Mo-Fr 08:00-19:00","category":"education","osmId":"node/4929468025","locationMethod":"OSM node"}},{"type":"Feature","id":"node/4931058932","geometry":{"type":"Point","coordinates":[71.4712197,51.1504065]},"properties":{"amenity":"kindergarten","name":"Детсад №9","category":"education","osmId":"node/4931058932","locationMethod":"OSM node"}},{"type":"Feature","id":"node/4931058933","geometry":{"type":"Point","coordinates":[71.4709783,51.1516784]},"properties":{"amenity":"kindergarten","name":"Детсад №47 Ак Желкен","category":"education","osmId":"node/4931058933","locationMethod":"OSM node"}},{"type":"Feature","id":"node/4931058979","geometry":{"type":"Point","coordinates":[71.4763319,51.1550163]},"properties":{"amenity":"kindergarten","name":"Детсад №34 Акбидай","category":"education","osmId":"node/4931058979","locationMethod":"OSM node"}},{"type":"Feature","id":"node/4931059134","geometry":{"type":"Point","coordinates":[71.4395267,51.1666077]},"properties":{"amenity":"college","name":"Финансовая академия","category":"education","osmId":"node/4931059134","locationMethod":"OSM node"}},{"type":"Feature","id":"node/4931111296","geometry":{"type":"Point","coordinates":[71.4348113,51.1316597]},"properties":{"amenity":"school","name":"Школа-лицей №66","category":"education","osmId":"node/4931111296","locationMethod":"OSM node"}},{"type":"Feature","id":"node/4931116133","geometry":{"type":"Point","coordinates":[71.4483387,51.1431308]},"properties":{"amenity":"kindergarten","name":"Мирас","category":"education","osmId":"node/4931116133","locationMethod":"OSM node"}},{"type":"Feature","id":"node/4933998224","geometry":{"type":"Point","coordinates":[71.4022493,51.1934245]},"properties":{"amenity":"college","name":"Туран-Профи, Колледж городского хозяйства","opening_hours":"Mo-Fr 09:00-18:00","phone":"+7 7172 94 23 30","website":"https://astana-turan.kz/","category":"education","osmId":"node/4933998224","locationMethod":"OSM node"}},{"type":"Feature","id":"node/4934874491","geometry":{"type":"Point","coordinates":[71.3412546,51.1820458]},"properties":{"amenity":"kindergarten","name":"Детсад №39","category":"education","osmId":"node/4934874491","locationMethod":"OSM node"}},{"type":"Feature","id":"node/4937181644","geometry":{"type":"Point","coordinates":[71.5258026,51.1474048]},"properties":{"amenity":"school","name":"Школа №63","category":"education","osmId":"node/4937181644","locationMethod":"OSM node"}},{"type":"Feature","id":"node/4938764788","geometry":{"type":"Point","coordinates":[71.4064899,51.1896944]},"properties":{"addr:housenumber":"81","addr:street":"Жеңіс даңғылы","amenity":"hospital","email":"gospital@emer.kz","healthcare":"hospital","name":"Городская поликлиника №14","phone":"+77172394653","website":"https://med-emer.kz/","category":"health","osmId":"node/4938764788","locationMethod":"OSM node"}},{"type":"Feature","id":"node/4940319493","geometry":{"type":"Point","coordinates":[71.3995403,51.1933707]},"properties":{"amenity":"school","name":"Спорткомплекс Жас батыр","opening_hours":"Mo-Sa 08:00-13:00, 14:00-20:00; Su 08:00-13:00","phone":"+7 7172 38 42 19","category":"education","osmId":"node/4940319493","locationMethod":"OSM node"}},{"type":"Feature","id":"node/4940319511","geometry":{"type":"Point","coordinates":[71.3971397,51.1951895]},"properties":{"amenity":"college","name":"Колледж транспорта и коммуникаций","category":"education","osmId":"node/4940319511","locationMethod":"OSM node"}},{"type":"Feature","id":"node/4941659497","geometry":{"type":"Point","coordinates":[71.4572028,51.1568717]},"properties":{"amenity":"clinic","healthcare":"clinic","name":"ЛДЦ","category":"health","osmId":"node/4941659497","locationMethod":"OSM node"}},{"type":"Feature","id":"node/4943751425","geometry":{"type":"Point","coordinates":[71.5036958,51.1519846]},"properties":{"amenity":"school","name":"Школа лицей № 38","category":"education","osmId":"node/4943751425","locationMethod":"OSM node"}},{"type":"Feature","id":"node/4948829429","geometry":{"type":"Point","coordinates":[71.4863634,51.1636021]},"properties":{"amenity":"clinic","name":"Центр психического здоровья","category":"health","osmId":"node/4948829429","locationMethod":"OSM node"}},{"type":"Feature","id":"node/4948829430","geometry":{"type":"Point","coordinates":[71.4847809,51.1628384]},"properties":{"amenity":"clinic","name":"Центр гемодиализа","category":"health","osmId":"node/4948829430","locationMethod":"OSM node"}},{"type":"Feature","id":"node/4955087259","geometry":{"type":"Point","coordinates":[71.4586481,51.1490908]},"properties":{"amenity":"clinic","name":"ЛДЦ","opening_hours":"Mo-Sa 08:00-20:00","phone":"+77172360270","category":"health","osmId":"node/4955087259","locationMethod":"OSM node"}},{"type":"Feature","id":"node/4958580147","geometry":{"type":"Point","coordinates":[71.4002028,51.208789]},"properties":{"amenity":"school","name":"Профлицей №3","category":"education","osmId":"node/4958580147","locationMethod":"OSM node"}},{"type":"Feature","id":"node/4959651310","geometry":{"type":"Point","coordinates":[71.4260405,51.1988418]},"properties":{"amenity":"school","name":"Школа № 34","category":"education","osmId":"node/4959651310","locationMethod":"OSM node"}},{"type":"Feature","id":"node/4959651311","geometry":{"type":"Point","coordinates":[71.4246833,51.1982032]},"properties":{"amenity":"school","name":"Школа № 23","category":"education","osmId":"node/4959651311","locationMethod":"OSM node"}},{"type":"Feature","id":"node/4961680234","geometry":{"type":"Point","coordinates":[71.4551451,51.1993511]},"properties":{"amenity":"school","name":"Школа № 12","category":"education","osmId":"node/4961680234","locationMethod":"OSM node"}},{"type":"Feature","id":"node/4961837246","geometry":{"type":"Point","coordinates":[71.4725071,51.1838927]},"properties":{"amenity":"school","name":"Профессиональный лицей №1","category":"education","osmId":"node/4961837246","locationMethod":"OSM node"}},{"type":"Feature","id":"node/4965763165","geometry":{"type":"Point","coordinates":[71.5036958,51.1571864]},"properties":{"amenity":"school","name":"Школа Лицей №64","category":"education","osmId":"node/4965763165","locationMethod":"OSM node"}},{"type":"Feature","id":"node/4971709292","geometry":{"type":"Point","coordinates":[71.562176,51.1502045]},"properties":{"amenity":"kindergarten","name":"Детский сад №59","category":"education","osmId":"node/4971709292","locationMethod":"OSM node"}},{"type":"Feature","id":"node/4971792537","geometry":{"type":"Point","coordinates":[71.5639168,51.1456936]},"properties":{"amenity":"kindergarten","name":"Детский сад №50","category":"education","osmId":"node/4971792537","locationMethod":"OSM node"}},{"type":"Feature","id":"node/4973280491","geometry":{"type":"Point","coordinates":[71.6115314,51.1243256]},"properties":{"amenity":"kindergarten","name":"Детский сад №74 Даурен","category":"education","osmId":"node/4973280491","locationMethod":"OSM node"}},{"type":"Feature","id":"node/4986870849","geometry":{"type":"Point","coordinates":[71.4764392,51.1571915]},"properties":{"amenity":"clinic","name":"Аягоз","category":"health","osmId":"node/4986870849","locationMethod":"OSM node"}},{"type":"Feature","id":"node/4986870862","geometry":{"type":"Point","coordinates":[71.5197569,51.1233306]},"properties":{"amenity":"school","name":"Школа №13","category":"education","osmId":"node/4986870862","locationMethod":"OSM node"}},{"type":"Feature","id":"node/5008909521","geometry":{"type":"Point","coordinates":[71.504071,51.157406]},"properties":{"addr:housenumber":"15","addr:street":"улица Габита Мусрепова","amenity":"school","name":"Школа-лицей 64","name:en":"School 64","name:kk":"64 Мектеп-лицей","name:ru":"Школа-лицей 64","opening_hours":"Mo-Sa 06:00-20:00","website":"https://64.astana-bilim.kz/","category":"education","osmId":"node/5008909521","locationMethod":"OSM node"}},{"type":"Feature","id":"node/5051421821","geometry":{"type":"Point","coordinates":[71.4004319,51.1671246]},"properties":{"amenity":"clinic","name":"Medline","name:ru":"Medline","opening_hours":"Mo-Fr 08:00-20:00","category":"health","osmId":"node/5051421821","locationMethod":"OSM node"}},{"type":"Feature","id":"node/5084096440","geometry":{"type":"Point","coordinates":[71.6450375,51.2860711]},"properties":{"amenity":"school","education":"school","name":"Средняя школа","category":"education","osmId":"node/5084096440","locationMethod":"OSM node"}},{"type":"Feature","id":"node/5084096488","geometry":{"type":"Point","coordinates":[71.6583091,51.2830715]},"properties":{"amenity":"kindergarten","name":"Аялы-Ай","category":"education","osmId":"node/5084096488","locationMethod":"OSM node"}},{"type":"Feature","id":"node/5206532724","geometry":{"type":"Point","coordinates":[71.3789722,51.1950471]},"properties":{"addr:housenumber":"8А","addr:street":"улица Антона Чехова","amenity":"kindergarten","name":"Гулфайруз-2","name:ru":"Гулфайруз-2","opening_hours":"Mo-Fr 08:00-19:00","phone":"+7 702 316 8093","category":"education","osmId":"node/5206532724","locationMethod":"OSM node"}},{"type":"Feature","id":"node/5206773126","geometry":{"type":"Point","coordinates":[71.3952422,51.1972833]},"properties":{"amenity":"college","name":"Көпбейінді колледж","name:ru":"Многопрофильный колледж","opening_hours":"Mo-Fr 09:00-13:00, 14:00-18:00; Sa 09:00-13:00","phone":"+7 7172 94 21 39","website":"https://mpcollege.astana-bilim.kz/","category":"education","osmId":"node/5206773126","locationMethod":"OSM node"}},{"type":"Feature","id":"node/5207025023","geometry":{"type":"Point","coordinates":[71.3786637,51.1825148]},"properties":{"amenity":"school","floor":"0","name":"Step by step, языковой центр","name:ru":"Step by step, языковой центр","opening_hours":"Mo-Fr 09:00-18:00","phone":"+7 707 165 6655","category":"education","osmId":"node/5207025023","locationMethod":"OSM node"}},{"type":"Feature","id":"node/5207260921","geometry":{"type":"Point","coordinates":[71.3853872,51.2018129]},"properties":{"addr:housenumber":"8/1","addr:street":"улица Медеу","amenity":"kindergarten","name":"Аруана","name:ru":"Аруана","opening_hours":"Mo-Fr 08:00-18:30","phone":"+7 7172 42 88 48","category":"education","osmId":"node/5207260921","locationMethod":"OSM node"}},{"type":"Feature","id":"node/5207940221","geometry":{"type":"Point","coordinates":[71.4039112,51.1818836]},"properties":{"amenity":"kindergarten","name":"Весёлый гномик","name:ru":"Весёлый гномик","opening_hours":"Mo-Fr 08:00-19:00","phone":"+7 702 422 1447","website":"http://gnomik.kz","category":"education","osmId":"node/5207940221","locationMethod":"OSM node"}},{"type":"Feature","id":"node/5207963330","geometry":{"type":"Point","coordinates":[71.3971453,51.1942477]},"properties":{"addr:housenumber":"5","addr:street":"Конституция көшесі","amenity":"kindergarten","email":"teremok_sadik@mail.ru","name":"Теремок","name:ru":"Теремок","opening_hours":"Mo-Fr 08:00-19:00","phone":"+7 7172 77 95 48","website":"http://teremoksad.kz","category":"education","osmId":"node/5207963330","locationMethod":"OSM node"}},{"type":"Feature","id":"node/5208021421","geometry":{"type":"Point","coordinates":[71.3992067,51.1928562]},"properties":{"amenity":"school","category":"education","osmId":"node/5208021421","locationMethod":"OSM node"}},{"type":"Feature","id":"node/5228184721","geometry":{"type":"Point","coordinates":[71.3855387,51.1849446]},"properties":{"amenity":"kindergarten","name":"Султан","name:ru":"Султан","opening_hours":"Mo-Fr 07:00-19:00","phone":"+7 702 260 5880","category":"education","osmId":"node/5228184721","locationMethod":"OSM node"}},{"type":"Feature","id":"node/5300430321","geometry":{"type":"Point","coordinates":[71.4484942,51.1420549]},"properties":{"amenity":"clinic","description":"Центр доктора Бубновского «КИНЕЗИС»","healthcare":"clinic","name":"КИНЕЗИС","name:ru":"КИНЕЗИС","opening_hours":"Mo-Fr 09:00-22:00; Sa 09:00-18:00","phone":"87010380800","website":"http://www.kinezis.kz","category":"health","osmId":"node/5300430321","locationMethod":"OSM node"}},{"type":"Feature","id":"node/5300430322","geometry":{"type":"Point","coordinates":[71.4196806,51.1890163]},"properties":{"amenity":"clinic","description":"Центр доктора Бубновского «КИНЕЗИС»","healthcare":"clinic","name":"КИНЕЗИС","name:ru":"КИНЕЗИС","opening_hours":"Mo-Fr 09:00-21:00; Sa 09:00-18:00","phone":"+7 (777) 133 0403","website":"http://www.kinezis.kz","category":"health","osmId":"node/5300430322","locationMethod":"OSM node"}},{"type":"Feature","id":"node/5744091373","geometry":{"type":"Point","coordinates":[71.3658357,51.1354046]},"properties":{"amenity":"kindergarten","name":"Д/С №70 Кулыншак","category":"education","osmId":"node/5744091373","locationMethod":"OSM node"}},{"type":"Feature","id":"node/5749528919","geometry":{"type":"Point","coordinates":[71.467596,51.1627493]},"properties":{"amenity":"kindergarten","name":"Детский сад №16 \"Шагала\"","category":"education","osmId":"node/5749528919","locationMethod":"OSM node"}},{"type":"Feature","id":"node/5756706436","geometry":{"type":"Point","coordinates":[71.4266521,51.0437347]},"properties":{"amenity":"kindergarten","name":"Детский сад №68","category":"education","osmId":"node/5756706436","locationMethod":"OSM node"}},{"type":"Feature","id":"node/5763984202","geometry":{"type":"Point","coordinates":[71.4776382,51.1393158]},"properties":{"amenity":"clinic","name":"Достар мед","category":"health","osmId":"node/5763984202","locationMethod":"OSM node"}},{"type":"Feature","id":"node/5763984215","geometry":{"type":"Point","coordinates":[71.4746046,51.1371028]},"properties":{"amenity":"kindergarten","category":"education","osmId":"node/5763984215","locationMethod":"OSM node"}},{"type":"Feature","id":"node/5763984366","geometry":{"type":"Point","coordinates":[71.4643854,51.1322758]},"properties":{"amenity":"kindergarten","check_date":"2025-09-21","name":"Атамұра","name:ru":"Атамура","category":"education","osmId":"node/5763984366","locationMethod":"OSM node"}},{"type":"Feature","id":"node/5768062596","geometry":{"type":"Point","coordinates":[71.606993,51.1610419]},"properties":{"amenity":"hospital","healthcare":"hospital","name":"Противотуберкулезный диспансер","category":"health","osmId":"node/5768062596","locationMethod":"OSM node"}},{"type":"Feature","id":"node/5773745984","geometry":{"type":"Point","coordinates":[71.4944529,51.1263945]},"properties":{"amenity":"kindergarten","name":"Детский сад №71","category":"education","osmId":"node/5773745984","locationMethod":"OSM node"}},{"type":"Feature","id":"node/5773745985","geometry":{"type":"Point","coordinates":[71.4961857,51.1268927]},"properties":{"amenity":"kindergarten","name":"Ясли-сад №69","category":"education","osmId":"node/5773745985","locationMethod":"OSM node"}},{"type":"Feature","id":"node/5773745986","geometry":{"type":"Point","coordinates":[71.498605,51.1251959]},"properties":{"amenity":"kindergarten","name":"Детский сад №93","category":"education","osmId":"node/5773745986","locationMethod":"OSM node"}},{"type":"Feature","id":"node/5773746018","geometry":{"type":"Point","coordinates":[71.4924467,51.1288858]},"properties":{"amenity":"kindergarten","name":"Шабыт","category":"education","osmId":"node/5773746018","locationMethod":"OSM node"}},{"type":"Feature","id":"node/5886111385","geometry":{"type":"Point","coordinates":[71.4480601,51.1491183]},"properties":{"amenity":"kindergarten","name":"Керуен","phone":"+77172504570","category":"education","osmId":"node/5886111385","locationMethod":"OSM node"}},{"type":"Feature","id":"node/5886111485","geometry":{"type":"Point","coordinates":[71.4477475,51.1490354]},"properties":{"amenity":"kindergarten","name":"Карлыгаш","category":"education","osmId":"node/5886111485","locationMethod":"OSM node"}},{"type":"Feature","id":"node/5887354888","geometry":{"type":"Point","coordinates":[71.4659229,51.1441645]},"properties":{"amenity":"kindergarten","name":"Акку","category":"education","osmId":"node/5887354888","locationMethod":"OSM node"}},{"type":"Feature","id":"node/5890163285","geometry":{"type":"Point","coordinates":[71.4175603,51.1620081]},"properties":{"amenity":"kindergarten","name":"Erke kids","category":"education","osmId":"node/5890163285","locationMethod":"OSM node"}},{"type":"Feature","id":"node/5890485085","geometry":{"type":"Point","coordinates":[71.4433483,51.1589243]},"properties":{"amenity":"clinic","healthcare":"clinic","name":"Олимп","opening_hours":"Mo-Fr 10:00-15:00; Sa 09:00-13:00","category":"health","osmId":"node/5890485085","locationMethod":"OSM node"}},{"type":"Feature","id":"node/5890511002","geometry":{"type":"Point","coordinates":[71.4404406,51.1678558]},"properties":{"amenity":"clinic","healthcare":"clinic","name":"Дар медикус","category":"health","osmId":"node/5890511002","locationMethod":"OSM node"}},{"type":"Feature","id":"node/5890511294","geometry":{"type":"Point","coordinates":[71.4428319,51.159235]},"properties":{"amenity":"clinic","healthcare":"clinic","name":"Дәстүрлі және дәстүрлі медицина орталығы","opening_hours":"Mo-Fr 08:00-20:00; Sa 09:00-14:00","category":"health","osmId":"node/5890511294","locationMethod":"OSM node"}},{"type":"Feature","id":"node/5890511295","geometry":{"type":"Point","coordinates":[71.4403929,51.1625737]},"properties":{"amenity":"clinic","healthcare":"clinic","name":"New","name:en":"New line medicus","name:kk":"New line medicus","name:ru":"New line medicus","opening_hours":"Mo-Su 09:00-20:00","category":"health","osmId":"node/5890511295","locationMethod":"OSM node"}},{"type":"Feature","id":"node/5891052454","geometry":{"type":"Point","coordinates":[71.4403903,51.162978]},"properties":{"amenity":"clinic","healthcare":"clinic","name":"On Clinic","opening_hours":"Mo-Su 08:00-20:00","category":"health","osmId":"node/5891052454","locationMethod":"OSM node"}},{"type":"Feature","id":"node/5895679886","geometry":{"type":"Point","coordinates":[71.4613801,51.145193]},"properties":{"amenity":"doctors","contact:email":"consultant@invivo.kz","contact:facebook":"https://www.facebook.com/invivokz","contact:instagram":"https://www.instagram.com/invivokz/","contact:phone":"+7 727 339 0480;+7 778 769 3881","contact:vk":"https://vk.com/public213214447","contact:website":"https://invivo.kz","contact:youtube":"https://www.youtube.com/channel/UCaTl33KX8Bl2stUun0qdajQ","healthcare":"laboratory","name":"Invivo","opening_hours":"Mo-Su 08:00-22:00","operator":"INVIVO (Инвиво)","category":"health","osmId":"node/5895679886","locationMethod":"OSM node"}},{"type":"Feature","id":"node/5895700885","geometry":{"type":"Point","coordinates":[71.4632221,51.1436496]},"properties":{"amenity":"kindergarten","name":"Мурзилка","category":"education","osmId":"node/5895700885","locationMethod":"OSM node"}},{"type":"Feature","id":"node/5895710685","geometry":{"type":"Point","coordinates":[71.4614028,51.1452784]},"properties":{"amenity":"clinic","name":"Меди арт","category":"health","osmId":"node/5895710685","locationMethod":"OSM node"}},{"type":"Feature","id":"node/5901674887","geometry":{"type":"Point","coordinates":[71.434459,51.1519162]},"properties":{"amenity":"kindergarten","name":"Затейники","category":"education","osmId":"node/5901674887","locationMethod":"OSM node"}},{"type":"Feature","id":"node/5911156091","geometry":{"type":"Point","coordinates":[71.4096481,51.1895659]},"properties":{"amenity":"college","name":"Медицинско-технический колледж","category":"education","osmId":"node/5911156091","locationMethod":"OSM node"}},{"type":"Feature","id":"node/5918121686","geometry":{"type":"Point","coordinates":[71.4597254,51.1287441]},"properties":{"amenity":"clinic","name":"Tulip medicine","category":"health","osmId":"node/5918121686","locationMethod":"OSM node"}},{"type":"Feature","id":"node/5918174786","geometry":{"type":"Point","coordinates":[71.4617382,51.1284882]},"properties":{"amenity":"clinic","name":"Aventus","category":"health","osmId":"node/5918174786","locationMethod":"OSM node"}},{"type":"Feature","id":"node/5918174787","geometry":{"type":"Point","coordinates":[71.4633427,51.1282411]},"properties":{"amenity":"clinic","name":"Medlive","category":"health","osmId":"node/5918174787","locationMethod":"OSM node"}},{"type":"Feature","id":"node/5918174791","geometry":{"type":"Point","coordinates":[71.4583563,51.1284804]},"properties":{"amenity":"clinic","healthcare":"clinic","name":"Shanghai","category":"health","osmId":"node/5918174791","locationMethod":"OSM node"}},{"type":"Feature","id":"node/5936563487","geometry":{"type":"Point","coordinates":[71.4292098,51.1389544]},"properties":{"amenity":"kindergarten","name":"Жанарым","category":"education","osmId":"node/5936563487","locationMethod":"OSM node"}},{"type":"Feature","id":"node/5948127116","geometry":{"type":"Point","coordinates":[71.499959,51.1306416]},"properties":{"amenity":"doctors","name":"врач семейный","name:ru":"врач семейный","category":"health","osmId":"node/5948127116","locationMethod":"OSM node"}},{"type":"Feature","id":"node/5969018392","geometry":{"type":"Point","coordinates":[71.4363174,51.1255326]},"properties":{"amenity":"kindergarten","name":"Ак булак","category":"education","osmId":"node/5969018392","locationMethod":"OSM node"}},{"type":"Feature","id":"node/5974549085","geometry":{"type":"Point","coordinates":[71.482834,51.1409452]},"properties":{"amenity":"clinic","name":"Сана вита","category":"health","osmId":"node/5974549085","locationMethod":"OSM node"}},{"type":"Feature","id":"node/5974679628","geometry":{"type":"Point","coordinates":[71.4704582,51.1500201]},"properties":{"amenity":"clinic","name":"Айя","category":"health","osmId":"node/5974679628","locationMethod":"OSM node"}},{"type":"Feature","id":"node/6514622856","geometry":{"type":"Point","coordinates":[71.424796,51.1807856]},"properties":{"amenity":"clinic","healthcare":"clinic","name":"Дерматологоия және жыныс қатынасы ауруларын алдын-ала емдеу орталығы","name:kk":"Дерматологоия және жыныс қатынасы ауруларын алдын-ала емдеу орталығы","name:ru":"Центр дерматологии и профилактики болезней, передающихся половым путем","phone":"+7 7172 396459;+7 7172 396299;+7 7172 227070","category":"health","osmId":"node/6514622856","locationMethod":"OSM node"}},{"type":"Feature","id":"node/6514622870","geometry":{"type":"Point","coordinates":[71.4229453,51.1827158]},"properties":{"amenity":"clinic","email":"GP3@mail.kz","healthcare":"clinic","name":"№2 қалалық емхана","name:kk":"№2 қалалық емхана","name:ru":"Городская поликлиника №3","phone":"+7 7172 310936;+7 7172 397241;+7 7172 397527","website":"https://astanagp3.kz/","category":"health","osmId":"node/6514622870","locationMethod":"OSM node"}},{"type":"Feature","id":"node/7138834585","geometry":{"type":"Point","coordinates":[71.4201387,51.1643557]},"properties":{"addr:housenumber":"30","addr:street":"Кенесары көшесі","amenity":"doctors","name":"Олимп лаборатория","name:en":"Olymp laboratory","name:kk":"Олимп анализы","name:ru":"Олимп лаборатория","category":"health","osmId":"node/7138834585","locationMethod":"OSM node"}},{"type":"Feature","id":"node/7543846886","geometry":{"type":"Point","coordinates":[71.4803561,51.1901909]},"properties":{"amenity":"hospital","name":"Медцентр \"Достык\"","category":"health","osmId":"node/7543846886","locationMethod":"OSM node"}},{"type":"Feature","id":"node/7953975545","geometry":{"type":"Point","coordinates":[71.4317725,51.1352004]},"properties":{"addr:city":"Астана","addr:housenumber":"11/1","addr:postcode":"01000","addr:street":"улица Сарайшык","amenity":"clinic","email":"info@bestdoctor.kz","healthcare":"clinic","healthcare:speciality":"paediatrics;orthopaedics;dermatology;urology;surgery;clinic;cardiology;acupuncture;neurology;massage","level":"2","name":"bestdoctor.kz медицинский медиа центр","name:en":"bestdoctor.kz medical media center","name:kk":"bestdoctor.kz медициналық медиа орталығы","opening_hours":"Mo-Su 08:00-20:00","payment:cash":"yes","payment:debit_cards":"yes","payment:mastercard":"yes","payment:visa":"yes","phone":"+777800001557","website":"https://bestdoctor.kz/","category":"health","osmId":"node/7953975545","locationMethod":"OSM node"}},{"type":"Feature","id":"node/8191970372","geometry":{"type":"Point","coordinates":[71.4016244,51.1438679]},"properties":{"amenity":"kindergarten","name":"АРУАЙ","category":"education","osmId":"node/8191970372","locationMethod":"OSM node"}},{"type":"Feature","id":"node/8520896896","geometry":{"type":"Point","coordinates":[71.48338,51.141068]},"properties":{"amenity":"school","contact:email":"kz.13mgs@baby-club.ru","contact:phone":"+7 707 060 0504;+7 717 268 3753;+7 800 1002024","name":"Бэби-клуб","opening_hours":"Mo-Su 9:00-19:00","operator":"Бэби-клуб","category":"education","osmId":"node/8520896896","locationMethod":"OSM node"}},{"type":"Feature","id":"node/8837431972","geometry":{"type":"Point","coordinates":[71.3994659,51.1711834]},"properties":{"addr:city":"Астана","addr:housenumber":"12В","addr:postcode":"010000","addr:street":"улица Кенжебека Кумисбекова","amenity":"clinic","healthcare":"clinic","name":"Mediscan","opening_hours":"Mo-Su 09:00-21:00","operator":"Диагностический центр","operator:type":"public","category":"health","osmId":"node/8837431972","locationMethod":"OSM node"}},{"type":"Feature","id":"node/9868255129","geometry":{"type":"Point","coordinates":[71.4029333,51.1169027]},"properties":{"amenity":"doctors","contact:email":"infokz@invitro.kz","contact:facebook":"https://facebook.com/invitro.kz","contact:instagram":"https://instagram.com/invitro.kz","contact:phone":"+7 707 258 5888","contact:website":"https://invitro.kz/","healthcare":"laboratory","name":"Invitro","opening_hours":"Mo-Su 07:30-17:00","category":"health","osmId":"node/9868255129","locationMethod":"OSM node"}},{"type":"Feature","id":"node/9868255130","geometry":{"type":"Point","coordinates":[71.4805698,51.1232885]},"properties":{"amenity":"doctors","contact:email":"infokz@invitro.kz","contact:facebook":"https://facebook.com/invitro.kz","contact:instagram":"https://instagram.com/invitro.kz","contact:phone":"+7 707 258 5888","contact:website":"https://invitro.kz/","healthcare":"laboratory","healthcare:speciality":"biology","name":"Invitro","opening_hours":"Mo-Fr 07:30-15:30; Sa 08:00-13:00","category":"health","osmId":"node/9868255130","locationMethod":"OSM node"}},{"type":"Feature","id":"node/9868255131","geometry":{"type":"Point","coordinates":[71.4129379,51.1004886]},"properties":{"amenity":"doctors","contact:email":"infokz@invitro.kz","contact:facebook":"https://facebook.com/invitro.kz","contact:instagram":"https://instagram.com/invitro.kz","contact:phone":"+7 707 258 5888","contact:website":"https://invitro.kz/","healthcare":"laboratory","healthcare:speciality":"biology","name":"Invitro","opening_hours":"Mo-Fr 07:30-15:30; Sa 08:00-13:00","category":"health","osmId":"node/9868255131","locationMethod":"OSM node"}},{"type":"Feature","id":"node/9868255132","geometry":{"type":"Point","coordinates":[71.5075287,51.1534904]},"properties":{"amenity":"doctors","contact:email":"infokz@invitro.kz","contact:facebook":"https://facebook.com/invitro.kz","contact:instagram":"https://instagram.com/invitro.kz","contact:phone":"+7 707 258 5888","contact:website":"https://invitro.kz/","healthcare":"laboratory","healthcare:speciality":"biology","name":"Invitro","opening_hours":"Mo-Fr 07:30-13:00; Sa 08:00-12:00","category":"health","osmId":"node/9868255132","locationMethod":"OSM node"}},{"type":"Feature","id":"node/9868255134","geometry":{"type":"Point","coordinates":[71.428605,51.113225]},"properties":{"amenity":"doctors","contact:email":"infokz@invitro.kz","contact:facebook":"https://facebook.com/invitro.kz","contact:instagram":"https://instagram.com/invitro.kz","contact:phone":"+7 707 258 5888","contact:website":"https://invitro.kz/","healthcare":"laboratory","healthcare:speciality":"biology","name":"Invitro","opening_hours":"Mo-Fr 07:30-15:30; Sa 08:00-13:00","operator":"Инвитро","category":"health","osmId":"node/9868255134","locationMethod":"OSM node"}},{"type":"Feature","id":"node/9868255135","geometry":{"type":"Point","coordinates":[71.407139,51.1598426]},"properties":{"amenity":"doctors","contact:email":"infokz@invitro.kz","contact:facebook":"https://facebook.com/invitro.kz","contact:instagram":"https://instagram.com/invitro.kz","contact:phone":"+7 707 258 5888","contact:website":"https://invitro.kz/","healthcare":"laboratory","healthcare:speciality":"biology","name":"Invitro","opening_hours":"Mo-Fr 07:30-15:30; Sa 08:00-13:00","operator":"Инвитро","category":"health","osmId":"node/9868255135","locationMethod":"OSM node"}},{"type":"Feature","id":"node/9868255136","geometry":{"type":"Point","coordinates":[71.435809,51.095237]},"properties":{"amenity":"doctors","contact:email":"infokz@invitro.kz","contact:facebook":"https://facebook.com/invitro.kz","contact:instagram":"https://instagram.com/invitro.kz","contact:phone":"+7 707 258 5888","contact:website":"https://invitro.kz/","healthcare":"laboratory","healthcare:speciality":"biology","name":"Invitro","opening_hours":"Mo-Fr 07:30-15:30; Sa 08:00-13:00","operator":"Инвитро","category":"health","osmId":"node/9868255136","locationMethod":"OSM node"}},{"type":"Feature","id":"node/9868255137","geometry":{"type":"Point","coordinates":[71.4127073,51.1762171]},"properties":{"amenity":"doctors","contact:email":"infokz@invitro.kz","contact:facebook":"https://facebook.com/invitro.kz","contact:instagram":"https://instagram.com/invitro.kz","contact:phone":"+7 707 258 5888","contact:website":"https://invitro.kz/","healthcare":"laboratory","healthcare:speciality":"biology","name":"Invitro","opening_hours":"Mo-Fr 07:30-15:30; Sa 08:00-13:00","operator":"Инвитро","wheelchair":"no","category":"health","osmId":"node/9868255137","locationMethod":"OSM node"}},{"type":"Feature","id":"node/9868255138","geometry":{"type":"Point","coordinates":[71.379375,51.130818]},"properties":{"amenity":"doctors","contact:email":"infokz@invitro.kz","contact:facebook":"https://facebook.com/invitro.kz","contact:instagram":"https://instagram.com/invitro.kz","contact:phone":"+7 707 258 5888","contact:website":"https://invitro.kz/","healthcare":"laboratory","name":"Invitro","opening_hours":"Mo-Fr 07:30-15:30; Sa 08:00-13:00","operator":"Инвитро","category":"health","osmId":"node/9868255138","locationMethod":"OSM node"}},{"type":"Feature","id":"node/9868255139","geometry":{"type":"Point","coordinates":[71.383844,51.1403878]},"properties":{"amenity":"doctors","check_date:opening_hours":"2025-09-02","contact:email":"infokz@invitro.kz","contact:facebook":"https://facebook.com/invitro.kz","contact:instagram":"https://instagram.com/invitro.kz","contact:phone":"+7 707 258 5888","contact:website":"https://invitro.kz/","healthcare":"laboratory","healthcare:speciality":"biology","name":"Invitro","opening_hours":"Mo-Fr 07:30-15:30; Sa 08:00-13:00","operator":"Инвитро","category":"health","osmId":"node/9868255139","locationMethod":"OSM node"}},{"type":"Feature","id":"node/9868255140","geometry":{"type":"Point","coordinates":[71.3756847,51.1298065]},"properties":{"amenity":"doctors","contact:email":"infokz@invitro.kz","contact:phone":"+7 727 258 5888","contact:website":"https://invitro.kz/","healthcare":"laboratory","name":"Invitro","opening_hours":"Mo-Fr 07:30-15:30; Sa 08:00-12:00","operator":"Инвитро","category":"health","osmId":"node/9868255140","locationMethod":"OSM node"}},{"type":"Feature","id":"node/10227911263","geometry":{"type":"Point","coordinates":[71.3975179,51.1721393]},"properties":{"amenity":"doctors","contact:email":"infokz@invitro.kz","contact:facebook":"https://facebook.com/invitro.kz","contact:instagram":"https://instagram.com/invitro.kz","contact:phone":"+7 707 258 5888","contact:website":"https://invitro.kz/","healthcare":"laboratory","healthcare:speciality":"biology","name":"Invitro","opening_hours":"Mo-Fr 07:30-15:30; Sa 08:00-13:00","category":"health","osmId":"node/10227911263","locationMethod":"OSM node"}},{"type":"Feature","id":"node/10227911264","geometry":{"type":"Point","coordinates":[71.4342642,51.1653781]},"properties":{"amenity":"doctors","contact:email":"infokz@invitro.kz","contact:facebook":"https://facebook.com/invitro.kz","contact:instagram":"https://instagram.com/invitro.kz","contact:phone":"+7 707 258 5888","contact:website":"https://invitro.kz/","healthcare":"laboratory","healthcare:speciality":"biology","name":"Invitro","opening_hours":"Mo-Fr 07:30-15:30; Sa 08:00-13:00","category":"health","osmId":"node/10227911264","locationMethod":"OSM node"}},{"type":"Feature","id":"node/10227911266","geometry":{"type":"Point","coordinates":[71.4385074,51.1525835]},"properties":{"amenity":"doctors","contact:email":"infokz@invitro.kz","contact:facebook":"https://facebook.com/invitro.kz","contact:instagram":"https://instagram.com/invitro.kz","contact:phone":"+7 707 258 5888","contact:website":"https://invitro.kz/","healthcare":"laboratory","healthcare:speciality":"biology","name":"Invitro","opening_hours":"Mo-Fr 07:30-15:30; Sa 08:00-12:00","category":"health","osmId":"node/10227911266","locationMethod":"OSM node"}},{"type":"Feature","id":"node/10227911267","geometry":{"type":"Point","coordinates":[71.457176,51.159023]},"properties":{"amenity":"doctors","contact:email":"infokz@invitro.kz","contact:facebook":"https://facebook.com/invitro.kz","contact:instagram":"https://instagram.com/invitro.kz","contact:phone":"+7 707 258 5888","contact:website":"https://invitro.kz/","healthcare":"laboratory","healthcare:speciality":"biology","name":"Invitro","opening_hours":"Mo-Fr 07:30-15:30; Sa 08:00-12:00","category":"health","osmId":"node/10227911267","locationMethod":"OSM node"}},{"type":"Feature","id":"node/10227911268","geometry":{"type":"Point","coordinates":[71.4483136,51.1683147]},"properties":{"amenity":"doctors","contact:email":"infokz@invitro.kz","contact:facebook":"https://facebook.com/invitro.kz","contact:instagram":"https://instagram.com/invitro.kz","contact:phone":"+7 707 258 5888","contact:website":"https://invitro.kz/","healthcare":"laboratory","healthcare:speciality":"biology","name":"Invitro","opening_hours":"Mo-Fr 07:30-15:30; Sa 08:00-12:00","category":"health","osmId":"node/10227911268","locationMethod":"OSM node"}},{"type":"Feature","id":"node/10227911269","geometry":{"type":"Point","coordinates":[71.4795855,51.1565808]},"properties":{"amenity":"doctors","contact:email":"infokz@invitro.kz","contact:facebook":"https://facebook.com/invitro.kz","contact:instagram":"https://instagram.com/invitro.kz","contact:phone":"+7 707 258 5888","contact:website":"https://invitro.kz/","healthcare":"laboratory","healthcare:speciality":"biology","name":"Invitro","opening_hours":"Mo-Fr 07:30-15:30; Sa 08:00-13:00","category":"health","osmId":"node/10227911269","locationMethod":"OSM node"}},{"type":"Feature","id":"node/10227911270","geometry":{"type":"Point","coordinates":[71.4930878,51.12846]},"properties":{"amenity":"doctors","contact:email":"infokz@invitro.kz","contact:facebook":"https://facebook.com/invitro.kz","contact:instagram":"https://instagram.com/invitro.kz","contact:phone":"+7 707 258 5888","contact:website":"https://invitro.kz/","healthcare":"laboratory","healthcare:speciality":"biology","name":"Invitro","opening_hours":"Mo-Fr 07:30-15:30; Sa 08:00-13:00","category":"health","osmId":"node/10227911270","locationMethod":"OSM node"}},{"type":"Feature","id":"node/10228324658","geometry":{"type":"Point","coordinates":[71.4412005,51.166791]},"properties":{"amenity":"doctors","contact:email":"info@aclinic.kz","contact:instagram":"https://instagram.com/astana.clinic","contact:phone":"+7 701 033 3536","contact:website":"https://aclinic.kz","name":"Astana Clinic","opening_hours":"Mo-Fr 08:00-20:00; Sa 08:00-14:00","operator":"Astana Clinic","category":"health","osmId":"node/10228324658","locationMethod":"OSM node"}},{"type":"Feature","id":"node/10248913297","geometry":{"type":"Point","coordinates":[71.6434577,51.2732227]},"properties":{"amenity":"doctors","contact:email":"consultant@invivo.kz","contact:facebook":"https://www.facebook.com/invivokz","contact:instagram":"https://www.instagram.com/invivokz/","contact:phone":"+7 727 339 0480;+7 778 769 3881","contact:vk":"https://vk.com/public213214447","contact:website":"https://invivo.kz","contact:youtube":"https://www.youtube.com/channel/UCaTl33KX8Bl2stUun0qdajQ","name":"Invivo","opening_hours":"Mo-Sa 08:00-11:30","category":"health","osmId":"node/10248913297","locationMethod":"OSM node"}},{"type":"Feature","id":"node/10255259053","geometry":{"type":"Point","coordinates":[71.39447,51.116403]},"properties":{"amenity":"doctors","contact:email":"consultant@invivo.kz","contact:facebook":"https://www.facebook.com/invivokz","contact:instagram":"https://www.instagram.com/invivokz/","contact:phone":"+7 727 339 0480;+7 778 769 3881","contact:vk":"https://vk.com/public213214447","contact:website":"https://invivo.kz","contact:youtube":"https://www.youtube.com/channel/UCaTl33KX8Bl2stUun0qdajQ","healthcare":"laboratory","name":"Invivo","opening_hours":"Mo-Fr 07:30-15:30; Sa 08:00-13:00","operator":"INVIVO (Инвиво)","category":"health","osmId":"node/10255259053","locationMethod":"OSM node"}},{"type":"Feature","id":"node/10255259054","geometry":{"type":"Point","coordinates":[71.4193403,51.1202868]},"properties":{"amenity":"doctors","contact:email":"consultant@invivo.kz","contact:facebook":"https://www.facebook.com/invivokz","contact:instagram":"https://www.instagram.com/invivokz/","contact:phone":"+7 727 339 0480;+7 778 769 3881","contact:vk":"https://vk.com/public213214447","contact:website":"https://invivo.kz","contact:youtube":"https://www.youtube.com/channel/UCaTl33KX8Bl2stUun0qdajQ","name":"Invivo","opening_hours":"Mo-Fr 07:30-15:30; Sa 08:00-13:00","operator":"INVIVO (Инвиво)","category":"health","osmId":"node/10255259054","locationMethod":"OSM node"}},{"type":"Feature","id":"node/10255259055","geometry":{"type":"Point","coordinates":[71.516182,51.149603]},"properties":{"amenity":"doctors","contact:email":"consultant@invivo.kz","contact:facebook":"https://www.facebook.com/invivokz","contact:instagram":"https://www.instagram.com/invivokz/","contact:phone":"+7 727 339 0480;+7 778 769 3881","contact:vk":"https://vk.com/public213214447","contact:website":"https://invivo.kz","contact:youtube":"https://www.youtube.com/channel/UCaTl33KX8Bl2stUun0qdajQ","healthcare":"laboratory","name":"Invivo","opening_hours":"Mo 07:30-17:00; Sa 08:00-16:00; Tu-Fr 07:30-17:30","operator":"INVIVO (Инвиво)","category":"health","osmId":"node/10255259055","locationMethod":"OSM node"}},{"type":"Feature","id":"node/10255259056","geometry":{"type":"Point","coordinates":[71.444065,51.0935807]},"properties":{"amenity":"doctors","contact:email":"consultant@invivo.kz","contact:facebook":"https://www.facebook.com/invivokz","contact:instagram":"https://www.instagram.com/invivokz/","contact:phone":"+7 727 339 0480;+7 778 769 3881","contact:vk":"https://vk.com/public213214447","contact:website":"https://invivo.kz","contact:youtube":"https://www.youtube.com/channel/UCaTl33KX8Bl2stUun0qdajQ","name":"Invivo","opening_hours":"Mo-Fr 07:30-15:30; Sa 08:00-13:00","operator":"INVIVO (Инвиво)","category":"health","osmId":"node/10255259056","locationMethod":"OSM node"}},{"type":"Feature","id":"node/10255259057","geometry":{"type":"Point","coordinates":[71.4624971,51.1267547]},"properties":{"amenity":"doctors","contact:email":"consultant@invivo.kz","contact:facebook":"https://www.facebook.com/invivokz","contact:instagram":"https://www.instagram.com/invivokz/","contact:phone":"+7 727 339 0480;+7 778 769 3881","contact:vk":"https://vk.com/public213214447","contact:website":"https://invivo.kz","contact:youtube":"https://www.youtube.com/channel/UCaTl33KX8Bl2stUun0qdajQ","name":"Invivo","opening_hours":"Mo-Fr 07:30-13:00; Sa 08:00-12:00","operator":"INVIVO (Инвиво)","category":"health","osmId":"node/10255259057","locationMethod":"OSM node"}},{"type":"Feature","id":"node/10255259058","geometry":{"type":"Point","coordinates":[71.4362812,51.1584851]},"properties":{"amenity":"doctors","contact:email":"consultant@invivo.kz","contact:facebook":"https://www.facebook.com/invivokz","contact:instagram":"https://www.instagram.com/invivokz/","contact:phone":"+7 727 339 0480;+7 778 769 3881","contact:vk":"https://vk.com/public213214447","contact:website":"https://invivo.kz","contact:youtube":"https://www.youtube.com/channel/UCaTl33KX8Bl2stUun0qdajQ","name":"Invivo","opening_hours":"Mo-Fr 07:30-15:30; Sa 08:00-13:00","operator":"INVIVO (Инвиво)","category":"health","osmId":"node/10255259058","locationMethod":"OSM node"}},{"type":"Feature","id":"node/10255259060","geometry":{"type":"Point","coordinates":[71.3995913,51.1677497]},"properties":{"amenity":"doctors","contact:email":"consultant@invivo.kz","contact:facebook":"https://www.facebook.com/invivokz","contact:instagram":"https://www.instagram.com/invivokz/","contact:phone":"+7 727 339 0480;+7 778 769 3881","contact:vk":"https://vk.com/public213214447","contact:website":"https://invivo.kz","contact:youtube":"https://www.youtube.com/channel/UCaTl33KX8Bl2stUun0qdajQ","healthcare":"laboratory","name":"Invivo","opening_hours":"Mo-Fr 07:30-15:00; Sa 08:00-13:00","operator":"INVIVO (Инвиво)","category":"health","osmId":"node/10255259060","locationMethod":"OSM node"}},{"type":"Feature","id":"node/10255259061","geometry":{"type":"Point","coordinates":[71.4703775,51.1373822]},"properties":{"amenity":"doctors","contact:email":"consultant@invivo.kz","contact:facebook":"https://www.facebook.com/invivokz","contact:instagram":"https://www.instagram.com/invivokz/","contact:phone":"+7 727 339 0480;+7 778 769 3881","contact:vk":"https://vk.com/public213214447","contact:website":"https://invivo.kz","contact:youtube":"https://www.youtube.com/channel/UCaTl33KX8Bl2stUun0qdajQ","healthcare":"laboratory","name":"Invivo","opening_hours":"Mo-Fr 07:30-18:30; Sa 08:00-14:00","operator":"INVIVO (Инвиво)","category":"health","osmId":"node/10255259061","locationMethod":"OSM node"}},{"type":"Feature","id":"node/10255259062","geometry":{"type":"Point","coordinates":[71.4349267,51.1055733]},"properties":{"amenity":"doctors","contact:email":"consultant@invivo.kz","contact:facebook":"https://www.facebook.com/invivokz","contact:instagram":"https://www.instagram.com/invivokz/","contact:phone":"+7 727 339 0480;+7 778 769 3881","contact:vk":"https://vk.com/public213214447","contact:website":"https://invivo.kz","contact:youtube":"https://www.youtube.com/channel/UCaTl33KX8Bl2stUun0qdajQ","name":"Invivo","opening_hours":"Mo-Sa 08:00-12:00","operator":"INVIVO (Инвиво)","category":"health","osmId":"node/10255259062","locationMethod":"OSM node"}},{"type":"Feature","id":"node/10255259063","geometry":{"type":"Point","coordinates":[71.426989,51.084401]},"properties":{"amenity":"doctors","contact:email":"consultant@invivo.kz","contact:facebook":"https://www.facebook.com/invivokz","contact:instagram":"https://www.instagram.com/invivokz/","contact:phone":"+7 727 339 0480;+7 778 769 3881","contact:vk":"https://vk.com/public213214447","contact:website":"https://invivo.kz","contact:youtube":"https://www.youtube.com/channel/UCaTl33KX8Bl2stUun0qdajQ","name":"Invivo","opening_hours":"Mo-Fr 07:30-15:30; Sa 08:00-13:00","operator":"INVIVO (Инвиво)","category":"health","osmId":"node/10255259063","locationMethod":"OSM node"}},{"type":"Feature","id":"node/10255259064","geometry":{"type":"Point","coordinates":[71.3940847,51.1242397]},"properties":{"amenity":"doctors","contact:email":"consultant@invivo.kz","contact:facebook":"https://www.facebook.com/invivokz","contact:instagram":"https://www.instagram.com/invivokz/","contact:phone":"+7 727 339 0480;+7 778 769 3881","contact:vk":"https://vk.com/public213214447","contact:website":"https://invivo.kz","contact:youtube":"https://www.youtube.com/channel/UCaTl33KX8Bl2stUun0qdajQ","name":"Invivo","opening_hours":"Mo-Sa 08:00-14:00","operator":"INVIVO (Инвиво)","category":"health","osmId":"node/10255259064","locationMethod":"OSM node"}},{"type":"Feature","id":"node/10255259065","geometry":{"type":"Point","coordinates":[71.4322633,51.1644262]},"properties":{"amenity":"doctors","contact:email":"consultant@invivo.kz","contact:facebook":"https://www.facebook.com/invivokz","contact:instagram":"https://www.instagram.com/invivokz/","contact:phone":"+7 727 339 0480;+7 778 769 3881","contact:vk":"https://vk.com/public213214447","contact:website":"https://invivo.kz","contact:youtube":"https://www.youtube.com/channel/UCaTl33KX8Bl2stUun0qdajQ","healthcare":"laboratory","name":"Invivo","opening_hours":"Mo-Sa 08:00-13:00","operator":"INVIVO (Инвиво)","category":"health","osmId":"node/10255259065","locationMethod":"OSM node"}},{"type":"Feature","id":"node/10255259066","geometry":{"type":"Point","coordinates":[71.4191687,51.1408186]},"properties":{"amenity":"doctors","contact:email":"consultant@invivo.kz","contact:facebook":"https://www.facebook.com/invivokz","contact:instagram":"https://www.instagram.com/invivokz/","contact:phone":"+7 727 339 0480;+7 778 769 3881","contact:vk":"https://vk.com/public213214447","contact:website":"https://invivo.kz","contact:youtube":"https://www.youtube.com/channel/UCaTl33KX8Bl2stUun0qdajQ","healthcare":"doctor","name":"Invivo","opening_hours":"Mo-Fr 07:30-15:00; Sa 08:00-13:00","operator":"INVIVO (Инвиво)","category":"health","osmId":"node/10255259066","locationMethod":"OSM node"}},{"type":"Feature","id":"node/10255259068","geometry":{"type":"Point","coordinates":[71.457918,51.160873]},"properties":{"amenity":"doctors","contact:email":"consultant@invivo.kz","contact:facebook":"https://www.facebook.com/invivokz","contact:instagram":"https://www.instagram.com/invivokz/","contact:phone":"+7 727 339 0480;+7 778 769 3881","contact:vk":"https://vk.com/public213214447","contact:website":"https://invivo.kz","contact:youtube":"https://www.youtube.com/channel/UCaTl33KX8Bl2stUun0qdajQ","healthcare":"laboratory","name":"Invivo","opening_hours":"Mo-Fr 08:00-16:00; Sa-Su 08:00-14:00","operator":"INVIVO (Инвиво)","category":"health","osmId":"node/10255259068","locationMethod":"OSM node"}},{"type":"Feature","id":"node/10255259070","geometry":{"type":"Point","coordinates":[71.3843375,51.1439419]},"properties":{"amenity":"doctors","contact:email":"consultant@invivo.kz","contact:facebook":"https://www.facebook.com/invivokz","contact:instagram":"https://www.instagram.com/invivokz/","contact:phone":"+7 727 339 0480;+7 778 769 3881","contact:vk":"https://vk.com/public213214447","contact:website":"https://invivo.kz","contact:youtube":"https://www.youtube.com/channel/UCaTl33KX8Bl2stUun0qdajQ","name":"Invivo","opening_hours":"Mo-Sa 08:00-16:00","operator":"INVIVO (Инвиво)","category":"health","osmId":"node/10255259070","locationMethod":"OSM node"}},{"type":"Feature","id":"node/10255259071","geometry":{"type":"Point","coordinates":[71.4873183,51.1547437]},"properties":{"amenity":"doctors","contact:email":"consultant@invivo.kz","contact:facebook":"https://www.facebook.com/invivokz","contact:instagram":"https://www.instagram.com/invivokz/","contact:phone":"+7 727 339 0480;+7 778 769 3881","contact:vk":"https://vk.com/public213214447","contact:website":"https://invivo.kz","contact:youtube":"https://www.youtube.com/channel/UCaTl33KX8Bl2stUun0qdajQ","healthcare":"laboratory","name":"Invivo","opening_hours":"Mo-Fr 07:00-15:00; Sa 07:00-12:00","operator":"INVIVO (Инвиво)","category":"health","osmId":"node/10255259071","locationMethod":"OSM node"}},{"type":"Feature","id":"node/10255259072","geometry":{"type":"Point","coordinates":[71.4103282,51.0989104]},"properties":{"amenity":"doctors","contact:email":"consultant@invivo.kz","contact:facebook":"https://www.facebook.com/invivokz","contact:instagram":"https://www.instagram.com/invivokz/","contact:phone":"+7 727 339 0480;+7 778 769 3881","contact:vk":"https://vk.com/public213214447","contact:website":"https://invivo.kz","contact:youtube":"https://www.youtube.com/channel/UCaTl33KX8Bl2stUun0qdajQ","healthcare":"laboratory","name":"Invivo","opening_hours":"Mo-Su 08:00-22:00","operator":"INVIVO (Инвиво)","category":"health","osmId":"node/10255259072","locationMethod":"OSM node"}},{"type":"Feature","id":"node/10255259073","geometry":{"type":"Point","coordinates":[71.42927,51.15641]},"properties":{"amenity":"doctors","contact:email":"consultant@invivo.kz","contact:facebook":"https://www.facebook.com/invivokz","contact:instagram":"https://www.instagram.com/invivokz/","contact:phone":"+7 727 339 0480;+7 778 769 3881","contact:vk":"https://vk.com/public213214447","contact:website":"https://invivo.kz","contact:youtube":"https://www.youtube.com/channel/UCaTl33KX8Bl2stUun0qdajQ","name":"Invivo","opening_hours":"Mo-Su 08:00-20:00","operator":"INVIVO (Инвиво)","category":"health","osmId":"node/10255259073","locationMethod":"OSM node"}},{"type":"Feature","id":"node/10255259074","geometry":{"type":"Point","coordinates":[71.4794219,51.1486668]},"properties":{"amenity":"doctors","contact:email":"consultant@invivo.kz","contact:facebook":"https://www.facebook.com/invivokz","contact:instagram":"https://www.instagram.com/invivokz/","contact:phone":"+7 727 339 0480;+7 778 769 3881","contact:vk":"https://vk.com/public213214447","contact:website":"https://invivo.kz","contact:youtube":"https://www.youtube.com/channel/UCaTl33KX8Bl2stUun0qdajQ","name":"Invivo","opening_hours":"Mo-Fr 07:30-15:30; Sa 08:00-13:00","operator":"INVIVO (Инвиво)","category":"health","osmId":"node/10255259074","locationMethod":"OSM node"}},{"type":"Feature","id":"node/10567167306","geometry":{"type":"Point","coordinates":[71.497554,51.114131]},"properties":{"amenity":"doctors","contact:email":"consultant@invivo.kz","contact:facebook":"https://www.facebook.com/invivokz","contact:instagram":"https://www.instagram.com/invivokz/","contact:phone":"+7 727 339 0480;+7 778 769 3881","contact:vk":"https://vk.com/public213214447","contact:website":"https://invivo.kz","contact:youtube":"https://www.youtube.com/channel/UCaTl33KX8Bl2stUun0qdajQ","name":"Invivo","opening_hours":"Mo-Fr 08:00-14:00; Sa 08:00-13:00","category":"health","osmId":"node/10567167306","locationMethod":"OSM node"}},{"type":"Feature","id":"node/10567197364","geometry":{"type":"Point","coordinates":[71.3674396,51.1499017]},"properties":{"amenity":"doctors","contact:email":"consultant@invivo.kz","contact:facebook":"https://www.facebook.com/invivokz","contact:instagram":"https://www.instagram.com/invivokz/","contact:phone":"+7 727 339 0480;+7 778 769 3881","contact:vk":"https://vk.com/public213214447","contact:website":"https://invivo.kz","contact:youtube":"https://www.youtube.com/channel/UCaTl33KX8Bl2stUun0qdajQ","name":"Invivo","opening_hours":"Mo-Fr 08:00-12:00; Sa-Su 09:00-12:00","operator":"INVIVO (Инвиво)","category":"health","osmId":"node/10567197364","locationMethod":"OSM node"}},{"type":"Feature","id":"node/10575843769","geometry":{"type":"Point","coordinates":[71.4184149,51.0908607]},"properties":{"addr:city":"Астана","addr:housenumber":"С1","addr:street":"Мәңгілік Ел даңғылы","amenity":"university","education":"university","name":"Astana IT University","category":"education","osmId":"node/10575843769","locationMethod":"OSM node"}},{"type":"Feature","id":"node/10575911096","geometry":{"type":"Point","coordinates":[71.3856866,51.1391146]},"properties":{"amenity":"clinic","healthcare":"clinic","name":"CITY городская поликлиника","name:kk":"CITY қалалық емханасы","name:ru":"CITY городская поликлиника","category":"health","osmId":"node/10575911096","locationMethod":"OSM node"}},{"type":"Feature","id":"node/10576345372","geometry":{"type":"Point","coordinates":[71.3593389,50.9854613]},"properties":{"amenity":"clinic","healthcare":"clinic","name":"Жанұя","category":"health","osmId":"node/10576345372","locationMethod":"OSM node"}},{"type":"Feature","id":"node/10604450011","geometry":{"type":"Point","coordinates":[71.5961141,51.1257176]},"properties":{"amenity":"school","name":"Школа №44 новый корпус","category":"education","osmId":"node/10604450011","locationMethod":"OSM node"}},{"type":"Feature","id":"node/10687476353","geometry":{"type":"Point","coordinates":[71.4225504,51.1699217]},"properties":{"amenity":"clinic","check_date":"2023-02-23","healthcare":"clinic","internet_access":"no","name":"Family Clinic","opening_hours":"Mo-Fr 08:00-20:00; Sa 08:00-16:00; Su off","operator:type":"private","payment:mastercard":"yes","payment:visa":"yes","phone":"+7 7780215939","website":"https://familyclinic.kz","category":"health","osmId":"node/10687476353","locationMethod":"OSM node"}},{"type":"Feature","id":"node/10971339961","geometry":{"type":"Point","coordinates":[71.414709,51.121395]},"properties":{"amenity":"doctors","contact:email":"consultant@invivo.kz","contact:facebook":"https://www.facebook.com/invivokz","contact:instagram":"https://www.instagram.com/invivokz/","contact:phone":"+7 778 020 2072;+7 778 769 3881","contact:vk":"https://vk.com/public213214447","contact:website":"https://invivo.kz","contact:youtube":"https://www.youtube.com/channel/UCaTl33KX8Bl2stUun0qdajQ","healthcare":"laboratory","name":"Invivo","opening_hours":"Mo-Fr 08:00-16:00; Sa-Su 09:00-15:00","operator":"INVIVO (Инвиво)","category":"health","osmId":"node/10971339961","locationMethod":"OSM node"}},{"type":"Feature","id":"node/11007841506","geometry":{"type":"Point","coordinates":[71.3770634,51.1335011]},"properties":{"amenity":"doctors","contact:email":"consultant@invivo.kz","contact:facebook":"https://www.facebook.com/invivokz","contact:instagram":"https://www.instagram.com/invivokz","contact:phone":"+7 778 020 2072;+7 778 769 3881","contact:vk":"https://vk.com/public213214447","contact:website":"https://invivo.kz/","contact:youtube":"https://www.youtube.com/channel/UCaTl33KX8Bl2stUun0qdajQ","healthcare":"laboratory","name":"Invivo","opening_hours":"Mo-Fr 07:30-15:30; Sa 08:00-13:00","operator":"INVIVO (Инвиво)","category":"health","osmId":"node/11007841506","locationMethod":"OSM node"}},{"type":"Feature","id":"node/11031842676","geometry":{"type":"Point","coordinates":[71.4268076,51.083668]},"properties":{"amenity":"doctors","contact:email":"infokz@invitro.kz","contact:facebook":"https://facebook.com/invitro.kz","contact:instagram":"https://instagram.com/invitro.kz","contact:phone":"+7 707 258 5888","contact:website":"https://invitro.kz/","healthcare":"laboratory","healthcare:speciality":"biology","name":"Invitro","opening_hours":"Mo-Fr 07:30-15:30; Sa 08:00-12:00","category":"health","osmId":"node/11031842676","locationMethod":"OSM node"}},{"type":"Feature","id":"node/11031842679","geometry":{"type":"Point","coordinates":[71.4295059,51.1336996]},"properties":{"amenity":"doctors","contact:email":"infokz@invitro.kz","contact:phone":"+7 7272 58 58 88","contact:website":"https://invitro.kz/","healthcare":"laboratory","healthcare:speciality":"biology","name":"Invitro","opening_hours":"Mo-Fr 07:30-15:30; Sa 08:00-12:00","category":"health","osmId":"node/11031842679","locationMethod":"OSM node"}},{"type":"Feature","id":"node/11031842686","geometry":{"type":"Point","coordinates":[71.4500463,51.095363]},"properties":{"amenity":"doctors","contact:email":"infokz@invitro.kz","contact:facebook":"https://facebook.com/invitro.kz","contact:instagram":"https://instagram.com/invitro.kz","contact:phone":"+7 707 258 5888","contact:website":"https://invitro.kz/","healthcare":"laboratory","healthcare:speciality":"biology","name":"Invitro","opening_hours":"Mo-Fr 07:30-15:30; Sa 08:00-12:00","category":"health","osmId":"node/11031842686","locationMethod":"OSM node"}},{"type":"Feature","id":"node/11089077525","geometry":{"type":"Point","coordinates":[71.3963861,51.1392199]},"properties":{"amenity":"doctors","contact:email":"consultant@invivo.kz","contact:facebook":"https://www.facebook.com/invivokz","contact:instagram":"https://www.instagram.com/invivokz","contact:phone":"+7 778 020 2072;+7 778 769 3881","contact:vk":"https://vk.com/public213214447","contact:website":"https://invivo.kz/","contact:youtube":"https://www.youtube.com/channel/UCaTl33KX8Bl2stUun0qdajQ","healthcare":"laboratory","name":"Invivo","opening_hours":"Mo-Fr 09:00-16:00; Sa 10:00-16:00","operator":"INVIVO (Инвиво)","category":"health","osmId":"node/11089077525","locationMethod":"OSM node"}},{"type":"Feature","id":"node/11283394918","geometry":{"type":"Point","coordinates":[71.4166099,51.1447025]},"properties":{"amenity":"doctors","contact:email":"infokz@invitro.kz","contact:facebook":"https://facebook.com/invitro.kz","contact:instagram":"https://instagram.com/invitro.kz","contact:phone":"+7 707 258 5888","contact:website":"https://invitro.kz/","healthcare":"laboratory","healthcare:speciality":"biology","name":"Invitro","opening_hours":"Mo-Fr 07:30-15:00; Sa 08:00-13:00","category":"health","osmId":"node/11283394918","locationMethod":"OSM node"}},{"type":"Feature","id":"node/11283394923","geometry":{"type":"Point","coordinates":[71.4254128,51.1218323]},"properties":{"amenity":"doctors","contact:email":"infokz@invitro.kz","contact:facebook":"https://facebook.com/invitro.kz","contact:instagram":"https://instagram.com/invitro.kz","contact:phone":"+7 707 258 5888","contact:website":"https://invitro.kz/","healthcare":"laboratory","healthcare:speciality":"biology","name":"Invitro","opening_hours":"Mo-Fr 07:30-15:30; Sa 08:00-13:00","operator":"Инвитро","category":"health","osmId":"node/11283394923","locationMethod":"OSM node"}},{"type":"Feature","id":"node/11443113048","geometry":{"type":"Point","coordinates":[71.4408812,51.1100023]},"properties":{"amenity":"kindergarten","contact:email":"primekids.astana@gmail.com","contact:instagram":"https://instagram.com/primekids.astana","contact:phone":"+7 701 766 8145;+7 775 914 8855","education":"kindergarten","name":"Yumik Kids","opening_hours":"Mo-Fr 08:00-19:00","category":"education","osmId":"node/11443113048","locationMethod":"OSM node"}},{"type":"Feature","id":"node/11563338671","geometry":{"type":"Point","coordinates":[71.606352,51.1605626]},"properties":{"amenity":"hospital","name":"Городской центр фтизиопульмонологии","category":"health","osmId":"node/11563338671","locationMethod":"OSM node"}},{"type":"Feature","id":"node/11827288556","geometry":{"type":"Point","coordinates":[71.3967953,51.0849367]},"properties":{"amenity":"school","contact:website":"www.nis.edu.kz","education":"school","image":"https://ulysmedia.kz/cache/imagine/1200/uploads/news/2024/01/25/65b2862be6ffc802100138.png","name":"Жаратылыстану-математика бағытындағы Назарбаев Зияткерлік мектебі","name:ru":"Назарбаев Интеллектуальная школа естественно-математического направления","wheelchair":"yes","category":"education","osmId":"node/11827288556","locationMethod":"OSM node"}},{"type":"Feature","id":"node/11901465870","geometry":{"type":"Point","coordinates":[71.4361617,51.1122999]},"properties":{"amenity":"hospital","healthcare":"hospital","name:en":"RAVIL","category":"health","osmId":"node/11901465870","locationMethod":"OSM node"}},{"type":"Feature","id":"node/11953709041","geometry":{"type":"Point","coordinates":[71.4761028,51.1479689]},"properties":{"amenity":"doctors","contact:email":"infokz@invitro.kz","contact:facebook":"https://facebook.com/invitro.kz","contact:instagram":"https://instagram.com/invitro.kz","contact:phone":"+7 707 258 5888","contact:website":"https://invitro.kz/","healthcare":"laboratory","healthcare:speciality:de":"biology","name":"Invitro","opening_hours":"Mo-Fr 07:30-15:30; Sa 08:00-13:00","operator":"Инвитро","category":"health","osmId":"node/11953709041","locationMethod":"OSM node"}},{"type":"Feature","id":"node/12094395172","geometry":{"type":"Point","coordinates":[71.408955,51.1820267]},"properties":{"amenity":"clinic","healthcare":"clinic","name":"Orda Medicus","opening_hours":"Mo-Fr 09:00-19:00; Sa,Su 10:00-16:00","wheelchair":"limited","category":"health","osmId":"node/12094395172","locationMethod":"OSM node"}},{"type":"Feature","id":"node/12146085644","geometry":{"type":"Point","coordinates":[71.4293282,51.1564077]},"properties":{"amenity":"clinic","healthcare":"clinic","name":"Ultraline","category":"health","osmId":"node/12146085644","locationMethod":"OSM node"}},{"type":"Feature","id":"node/12211242552","geometry":{"type":"Point","coordinates":[71.4342722,51.104396]},"properties":{"amenity":"doctors","contact:email":"infokz@invitro.kz","contact:facebook":"https://facebook.com/invitro.kz","contact:instagram":"https://instagram.com/invitro.kz","contact:phone":"+7 707 258 5888","contact:website":"https://invitro.kz","healthcare":"laboratory","name":"Invitro","opening_hours":"Mo-Fr 07:30-15:30; Sa 08:00-13:00","category":"health","osmId":"node/12211242552","locationMethod":"OSM node"}},{"type":"Feature","id":"node/12211242558","geometry":{"type":"Point","coordinates":[71.3841122,51.1314847]},"properties":{"amenity":"doctors","contact:email":"infokz@invitro.kz","contact:phone":"+7 7272 58 58 88","contact:website":"https://invitro.kz","name":"Invitro","opening_hours":"Mo-Fr 07:30-15:30; Sa 08:00-13:00","category":"health","osmId":"node/12211242558","locationMethod":"OSM node"}},{"type":"Feature","id":"node/12306540401","geometry":{"type":"Point","coordinates":[71.4250866,51.1006759]},"properties":{"amenity":"clinic","healthcare":"clinic","name":"АЯЛА","category":"health","osmId":"node/12306540401","locationMethod":"OSM node"}},{"type":"Feature","id":"node/12604348770","geometry":{"type":"Point","coordinates":[71.3851381,51.1313976]},"properties":{"amenity":"clinic","healthcare":"clinic","name":"UniMed+","category":"health","osmId":"node/12604348770","locationMethod":"OSM node"}},{"type":"Feature","id":"node/12787838902","geometry":{"type":"Point","coordinates":[71.3831359,51.1395501]},"properties":{"amenity":"kindergarten","category":"education","osmId":"node/12787838902","locationMethod":"OSM node"}},{"type":"Feature","id":"node/12791644001","geometry":{"type":"Point","coordinates":[71.4125811,51.1156605]},"properties":{"addr:housenumber":"46","addr:street":"проспект Кабанбай Батыра","amenity":"school","name":"Детская академия наук","category":"education","osmId":"node/12791644001","locationMethod":"OSM node"}},{"type":"Feature","id":"node/12825342001","geometry":{"type":"Point","coordinates":[71.4542674,51.08967]},"properties":{"amenity":"kindergarten","category":"education","osmId":"node/12825342001","locationMethod":"OSM node"}},{"type":"Feature","id":"node/12896612877","geometry":{"type":"Point","coordinates":[71.4069895,51.1748262]},"properties":{"amenity":"clinic","healthcare":"clinic","name":"Sak","category":"health","osmId":"node/12896612877","locationMethod":"OSM node"}},{"type":"Feature","id":"node/12917083081","geometry":{"type":"Point","coordinates":[71.3852213,51.1380605]},"properties":{"amenity":"kindergarten","name":"Umai","category":"education","osmId":"node/12917083081","locationMethod":"OSM node"}},{"type":"Feature","id":"node/12947068528","geometry":{"type":"Point","coordinates":[71.4127759,51.1731745]},"properties":{"amenity":"clinic","healthcare":"clinic","name":"Интертич Астана","category":"health","osmId":"node/12947068528","locationMethod":"OSM node"}},{"type":"Feature","id":"node/12973295848","geometry":{"type":"Point","coordinates":[71.4217856,51.1382195]},"properties":{"amenity":"kindergarten","name":"I-Zerek","category":"education","osmId":"node/12973295848","locationMethod":"OSM node"}},{"type":"Feature","id":"node/12973310460","geometry":{"type":"Point","coordinates":[71.4220434,51.1397443]},"properties":{"amenity":"kindergarten","name":"Мөлдір","category":"education","osmId":"node/12973310460","locationMethod":"OSM node"}},{"type":"Feature","id":"node/12993946705","geometry":{"type":"Point","coordinates":[71.4185133,51.1422716]},"properties":{"amenity":"clinic","healthcare":"clinic","name":"German Medical Center","category":"health","osmId":"node/12993946705","locationMethod":"OSM node"}},{"type":"Feature","id":"node/12993953091","geometry":{"type":"Point","coordinates":[71.4067952,51.1632742]},"properties":{"amenity":"kindergarten","name":"Aiym kids","category":"education","osmId":"node/12993953091","locationMethod":"OSM node"}},{"type":"Feature","id":"node/13098583949","geometry":{"type":"Point","coordinates":[71.37548,50.9988394]},"properties":{"amenity":"clinic","healthcare":"clinic","name":"Жан Ұйя.","category":"health","osmId":"node/13098583949","locationMethod":"OSM node"}},{"type":"Feature","id":"node/13148618877","geometry":{"type":"Point","coordinates":[71.4415796,51.1668702]},"properties":{"amenity":"clinic","healthcare":"clinic","name":"Astana Clinic","category":"health","osmId":"node/13148618877","locationMethod":"OSM node"}},{"type":"Feature","id":"node/13148686000","geometry":{"type":"Point","coordinates":[71.4422014,51.1667814]},"properties":{"amenity":"clinic","healthcare":"clinic","name":"Panacea Clinic","name:ru":"Клиника Панацея","category":"health","osmId":"node/13148686000","locationMethod":"OSM node"}},{"type":"Feature","id":"node/13159314191","geometry":{"type":"Point","coordinates":[71.4601768,51.1196729]},"properties":{"amenity":"clinic","email":"info@resswee.kz","healthcare":"clinic","name":"Resswee","phone":"+77025475501","website":"https://www.resswee.kz/","category":"health","osmId":"node/13159314191","locationMethod":"OSM node"}},{"type":"Feature","id":"node/13273753727","geometry":{"type":"Point","coordinates":[71.410935,51.1686783]},"properties":{"addr:city":"Астана","addr:housenumber":"18/2а","addr:postcode":"010000","addr:street":"Жақып Омаров көшесі","amenity":"kindergarten","education":"kindergarten","name":"Алтын Уя","category":"education","osmId":"node/13273753727","locationMethod":"OSM node"}},{"type":"Feature","id":"node/13304968938","geometry":{"type":"Point","coordinates":[71.4119081,51.1686725]},"properties":{"amenity":"college","education":"college","name":"Учебно-научно-производственный комплекс \"Парасат\"","category":"education","osmId":"node/13304968938","locationMethod":"OSM node"}},{"type":"Feature","id":"node/13389139078","geometry":{"type":"Point","coordinates":[71.393251,51.0854336]},"properties":{"amenity":"school","contact:website":"https://www.nis.edu.kz","education":"school","name":"Назарбаев Зияткерлік мектебі","name:ru":"Назарбаев Интеллектуальная школа","category":"education","osmId":"node/13389139078","locationMethod":"OSM node"}},{"type":"Feature","id":"node/13391076979","geometry":{"type":"Point","coordinates":[71.4002313,51.1024285]},"properties":{"amenity":"school","contact:instagram":"alpamys_school","education":"school","name":"Alpamys School","phone":"+7 7172 725656","category":"education","osmId":"node/13391076979","locationMethod":"OSM node"}},{"type":"Feature","id":"node/13391076981","geometry":{"type":"Point","coordinates":[71.4020553,51.1023077]},"properties":{"amenity":"kindergarten","contact:instagram":"alpamys_sadik","education":"kindergarten","max_age":"7","min_age":"2","name":"Алпамыс","phone":"+7 701 8004355","category":"education","osmId":"node/13391076981","locationMethod":"OSM node"}},{"type":"Feature","id":"node/13453232691","geometry":{"type":"Point","coordinates":[71.410022,51.167997]},"properties":{"amenity":"kindergarten","education":"kindergarten","name":"Бакыт Мекенi","opening_hours":"Mo-Sa 08:00-18:00","phone":"+77028243026","category":"education","osmId":"node/13453232691","locationMethod":"OSM node"}},{"type":"Feature","id":"node/13455022356","geometry":{"type":"Point","coordinates":[71.4100601,51.1589714]},"properties":{"amenity":"clinic","healthcare":"clinic","name":"Ecomed","category":"health","osmId":"node/13455022356","locationMethod":"OSM node"}},{"type":"Feature","id":"node/13713634837","geometry":{"type":"Point","coordinates":[71.3980048,51.120643]},"properties":{"addr:city":"Астана","addr:housenumber":"4","addr:postcode":"010000","addr:street":"Әбікен Бектұров көшесі","amenity":"hospital","healthcare":"hospital","healthcare:speciality":"поликлиника","name":"Жанұя","opening_hours":"Mo-Fr 08:00-20:00","category":"health","osmId":"node/13713634837","locationMethod":"OSM node"}},{"type":"Feature","id":"node/13775207948","geometry":{"type":"Point","coordinates":[71.3607273,50.9803504]},"properties":{"amenity":"kindergarten","education":"kindergarten","name":"Жанартау Kids","category":"education","osmId":"node/13775207948","locationMethod":"OSM node"}},{"type":"Feature","id":"node/13775207949","geometry":{"type":"Point","coordinates":[71.3594867,50.9836215]},"properties":{"addr:housenumber":"4","addr:street":"улица Даулеткерей","amenity":"kindergarten","education":"kindergarten","name":"Кун шуак","category":"education","osmId":"node/13775207949","locationMethod":"OSM node"}},{"type":"Feature","id":"node/13775207951","geometry":{"type":"Point","coordinates":[71.3583362,50.9827211]},"properties":{"addr:housenumber":"4","addr:street":"улица Мыржакып Дулатова","amenity":"kindergarten","education":"kindergarten","name":"Ер-Наз","category":"education","osmId":"node/13775207951","locationMethod":"OSM node"}},{"type":"Feature","id":"way/24805419","geometry":{"type":"Point","coordinates":[71.4065669,51.192485]},"properties":{"addr:city":"Астана","addr:country":"KZ","addr:housenumber":"1","addr:street":"Біржан Сал көшесі","amenity":"clinic","building":"yes","building:levels":"5","healthcare":"clinic","name":"Молодежный центр здоровья «Жас толкын»","phone":"+7 (7172) 94-29-17","website":"https://astanagp3.kz/jas_tolkyn/mtsz_zhas_tolkyn_quot/index.php","category":"health","osmId":"way/24805419","locationMethod":"OSM bounding-box center"}},{"type":"Feature","id":"way/30637488","geometry":{"type":"Point","coordinates":[71.4174853,51.1783087]},"properties":{"addr:city":"Астана","addr:country":"KZ","addr:housenumber":"41","addr:street":"Бейбітшілік көшесі","amenity":"college","building":"yes","building:levels":"4","name":"Политехнический колледж, корпус №2","category":"education","osmId":"way/30637488","locationMethod":"OSM bounding-box center"}},{"type":"Feature","id":"way/30637489","geometry":{"type":"Point","coordinates":[71.4168533,51.1780221]},"properties":{"addr:city":"Астана","addr:country":"KZ","addr:housenumber":"39/2","addr:street":"Бейбітшілік көшесі","amenity":"college","building":"yes","building:levels":"4","name":"Политехнический колледж, корпус №3","category":"education","osmId":"way/30637489","locationMethod":"OSM bounding-box center"}},{"type":"Feature","id":"way/30637490","geometry":{"type":"Point","coordinates":[71.4173581,51.1776477]},"properties":{"addr:city":"Астана","addr:country":"KZ","addr:housenumber":"39","addr:street":"Бейбітшілік көшесі","alt_name":"Главный корпус","amenity":"college","building":"yes","building:levels":"5","name":"Политехнический колледж, главный корпус","category":"education","osmId":"way/30637490","locationMethod":"OSM bounding-box center"}},{"type":"Feature","id":"way/30637494","geometry":{"type":"Point","coordinates":[71.4139426,51.1772768]},"properties":{"addr:city":"Астана","addr:country":"KZ","addr:housenumber":"34","addr:street":"Желтоқсан көшесі","amenity":"clinic","building":"apartments","building:levels":"5","check_date:opening_hours":"2024-07-28","healthcare":"clinic","name":"Городская поликлиника №2","opening_hours:signed":"no","category":"health","osmId":"way/30637494","locationMethod":"OSM bounding-box center"}},{"type":"Feature","id":"way/44127708","geometry":{"type":"Point","coordinates":[71.4714197,51.1565103]},"properties":{"addr:city":"Астана","addr:country":"KZ","addr:housenumber":"13","addr:street":"улица Кажымукана Мунайтпасова","amenity":"university","building":"yes","building:levels":"5","check_date":"2022-12-31","name":"№3 оқу корпусы","name:kk":"№3 оқу корпусы","name:ru":"Учебный корпус №3","old_name:ru":"Целиноградский инженерно-строительный институт","category":"education","osmId":"way/44127708","locationMethod":"OSM bounding-box center"}},{"type":"Feature","id":"way/108292460","geometry":{"type":"Point","coordinates":[71.4073402,51.1258094]},"properties":{"addr:city":"Астана","addr:country":"KZ","addr:housenumber":"46","addr:street":"Сығанақ көшесі","amenity":"clinic","building":"yes","healthcare":"clinic","layer":"1","name":"Республикалық диагностикалық орталық","name:ru":"Республиканский диагностический центр","short_name:ru":"РДЦ","category":"health","osmId":"way/108292460","locationMethod":"OSM bounding-box center"}},{"type":"Feature","id":"way/112368493","geometry":{"type":"Point","coordinates":[71.4847723,51.1543464]},"properties":{"addr:city":"Астана","addr:country":"KZ","addr:housenumber":"30","addr:street":"проспект Абылай Хана","amenity":"clinic","building":"yes","email":"emhana9@mail.ru","name":"Городская поликлиника №11","phone":"+7 (7172) 36-07-60","website":"http://www.emhana9.kz","category":"health","osmId":"way/112368493","locationMethod":"OSM bounding-box center"}},{"type":"Feature","id":"way/167299297","geometry":{"type":"Point","coordinates":[71.5018014,51.1503378]},"properties":{"amenity":"kindergarten","barrier":"fence","name":"Детский сад № 37 \"Арман\"","category":"education","osmId":"way/167299297","locationMethod":"OSM bounding-box center"}},{"type":"Feature","id":"way/240376652","geometry":{"type":"Point","coordinates":[71.4295025,51.1741712]},"properties":{"addr:city":"Астана","addr:country":"KZ","addr:housenumber":"3","addr:street":"Шәкен Айманов көшесі","amenity":"school","building":"yes","building:levels":"4","category":"education","osmId":"way/240376652","locationMethod":"OSM bounding-box center"}},{"type":"Feature","id":"way/240706686","geometry":{"type":"Point","coordinates":[71.5053627,51.154519]},"properties":{"addr:city":"Астана","addr:country":"KZ","addr:housenumber":"29","addr:street":"проспект Шaкaрим Кудайбердыулы","amenity":"clinic","building":"yes","building:levels":"4","name":"Городская поликлиника № 7 (корпус 2, взрослый)","phone":"+7 (7172) 79-86-19","website":"http://www.gp7.kz/","category":"health","osmId":"way/240706686","locationMethod":"OSM bounding-box center"}},{"type":"Feature","id":"way/240706727","geometry":{"type":"Point","coordinates":[71.5041698,51.1549746]},"properties":{"addr:city":"Астана","addr:country":"KZ","addr:housenumber":"25","addr:street":"проспект Шaкaрим Кудайбердыулы","amenity":"clinic","building":"yes","building:levels":"3","name":"Городская поликлиника № 7 (корпус 1, детский)","phone":"+7 (7172) 79-86-20","website":"http://www.gp7.kz/","category":"health","osmId":"way/240706727","locationMethod":"OSM bounding-box center"}},{"type":"Feature","id":"way/241594840","geometry":{"type":"Point","coordinates":[71.4115195,51.1921873]},"properties":{"addr:city":"Астана","addr:country":"KZ","addr:housenumber":"9","addr:street":"Иманжүсіп Құтпанұлы көшесі","amenity":"college","building":"yes","building:levels":"2","name":"Авиационный учебный центр","phone":"+7 (7172) 32 00 65","website":"http://www.gac.kz","category":"education","osmId":"way/241594840","locationMethod":"OSM bounding-box center"}},{"type":"Feature","id":"way/242016661","geometry":{"type":"Point","coordinates":[71.4592566,51.1919901]},"properties":{"addr:city":"Астана","addr:country":"KZ","addr:housenumber":"11","addr:street":"шоссе Алаш","amenity":"kindergarten","building":"yes","category":"education","osmId":"way/242016661","locationMethod":"OSM bounding-box center"}},{"type":"Feature","id":"way/258112480","geometry":{"type":"Point","coordinates":[71.3586753,50.9827858]},"properties":{"addr:country":"KZ","addr:housenumber":"6","addr:street":"улица Мыржакып Дулатова","amenity":"kindergarten","education":"kindergarten","name":"Logojoy","category":"education","osmId":"way/258112480","locationMethod":"OSM bounding-box center"}},{"type":"Feature","id":"way/258126538","geometry":{"type":"Point","coordinates":[71.4080989,51.127011]},"properties":{"amenity":"clinic","barrier":"fence","healthcare":"clinic","name":"Мейірім","category":"health","osmId":"way/258126538","locationMethod":"OSM bounding-box center"}},{"type":"Feature","id":"way/258567455","geometry":{"type":"Point","coordinates":[71.4094326,51.1922873]},"properties":{"amenity":"kindergarten","barrier":"fence","contact:phone":"+7 7172 381093","name":"Детский сад №4 \"Аружан\"","category":"education","osmId":"way/258567455","locationMethod":"OSM bounding-box center"}},{"type":"Feature","id":"way/258573749","geometry":{"type":"Point","coordinates":[71.4110271,51.1930117]},"properties":{"amenity":"college","contact:phone":"+7 7172 943487","name":"М. Тынышбаев атындағы Астана ALT көлік колледжі","name:kk":"М. Тынышбаев атындағы Астана ALT көлік колледжі","name:ru":"Транспортный колледж ALT Астана имени М. Тынышпаева","category":"education","osmId":"way/258573749","locationMethod":"OSM bounding-box center"}},{"type":"Feature","id":"way/258761318","geometry":{"type":"Point","coordinates":[71.4397123,51.1386079]},"properties":{"amenity":"kindergarten","barrier":"fence","category":"education","osmId":"way/258761318","locationMethod":"OSM bounding-box center"}},{"type":"Feature","id":"way/258781121","geometry":{"type":"Point","coordinates":[71.4241708,51.0762029]},"properties":{"amenity":"hospital","barrier":"fence","healthcare":"hospital","name":"Қазақстан Республикасы Президенті Іс Басқармасының Медициналық орталығы","category":"health","osmId":"way/258781121","locationMethod":"OSM bounding-box center"}},{"type":"Feature","id":"way/258797368","geometry":{"type":"Point","coordinates":[71.4068028,51.1247055]},"properties":{"amenity":"hospital","barrier":"fence","healthcare":"hospital","healthcare:speciality":"gynaecology;paediatric_surgery;paediatrics;neonatology;physiatry","name":"Ана мен бала ұлттық ғылыми орталығы","name:ru":"Национальный научный центр материнства и детства","operator":"​University Medical Center","category":"health","osmId":"way/258797368","locationMethod":"OSM bounding-box center"}},{"type":"Feature","id":"way/258834837","geometry":{"type":"Point","coordinates":[71.4157288,51.1917693]},"properties":{"amenity":"kindergarten","contact:phone":"+7 7172 383361","name":"Детский сад № 19 \"Балбобек\"","category":"education","osmId":"way/258834837","locationMethod":"OSM bounding-box center"}},{"type":"Feature","id":"way/260543959","geometry":{"type":"Point","coordinates":[71.399649,51.1957795]},"properties":{"amenity":"school","barrier":"fence","name":"№36 орта мектеп","name:kk":"№36 орта мектеп","name:ru":"Средняя школа №36","opening_hours":"Mo-Fr 09:00-19:00; Sa 09:00-14:00","phone":"+7 7172 50 15 20","website":"https://36.astana-bilim.kz/","category":"education","osmId":"way/260543959","locationMethod":"OSM bounding-box center"}},{"type":"Feature","id":"way/261515251","geometry":{"type":"Point","coordinates":[71.4314365,51.117436]},"properties":{"amenity":"kindergarten","barrier":"fence","education":"kindergarten","name":"№75 \"Балалық шақ\" балабақшасы","name:ru":"Ясли-сад №75 \"Балалық шақ\"","category":"education","osmId":"way/261515251","locationMethod":"OSM bounding-box center"}},{"type":"Feature","id":"way/267026668","geometry":{"type":"Point","coordinates":[71.4168399,51.1206187]},"properties":{"amenity":"school","barrier":"fence","education":"school","name":"Кәрім Мыңбаев атындағы №59 мектеп-лицей","name:ru":"Школа-лицей №59 имени Карима Мынбаева","category":"education","osmId":"way/267026668","locationMethod":"OSM bounding-box center"}},{"type":"Feature","id":"way/270565861","geometry":{"type":"Point","coordinates":[71.4317185,51.1188868]},"properties":{"amenity":"school","barrier":"fence","education":"school","name":"Республикалық физика-математика мектебі","name:ru":"Республиканская физико-математическая школа","category":"education","osmId":"way/270565861","locationMethod":"OSM bounding-box center"}},{"type":"Feature","id":"way/272520726","geometry":{"type":"Point","coordinates":[71.4387843,51.1185864]},"properties":{"amenity":"kindergarten","barrier":"fence","education":"kindergarten","name":"№76 \"Әдемі\" балабақшасы","name:ru":"Ясли-сад №76 \"Адемы\"","category":"education","osmId":"way/272520726","locationMethod":"OSM bounding-box center"}},{"type":"Feature","id":"way/313524704","geometry":{"type":"Point","coordinates":[71.4117796,51.1869159]},"properties":{"amenity":"university","name":"С. Сейфуллин ат. Қазақ агротехникалық зерттеу университеті","name:ru":"Казахский агротехнический исследовательский университет им. С. Сейфуллина","category":"education","osmId":"way/313524704","locationMethod":"OSM bounding-box center"}},{"type":"Feature","id":"way/333377349","geometry":{"type":"Point","coordinates":[71.2549303,51.1284451]},"properties":{"addr:city":"Астана","addr:country":"KZ","addr:housenumber":"141/1","addr:street":"улица Исатай батыра","amenity":"school","building":"yes","building:levels":"3","name":"Школа-гимназия №69","category":"education","osmId":"way/333377349","locationMethod":"OSM bounding-box center"}},{"type":"Feature","id":"way/372867089","geometry":{"type":"Point","coordinates":[71.371603,51.0011948]},"properties":{"amenity":"kindergarten","category":"education","osmId":"way/372867089","locationMethod":"OSM bounding-box center"}},{"type":"Feature","id":"way/419217546","geometry":{"type":"Point","coordinates":[71.3923831,51.0776908]},"properties":{"addr:city":"Астана","addr:street":"Тұран даңғылы","amenity":"university","barrier":"fence","contact:fax":"87172653018","contact:phone":"87172263679","contact:website":"http://www.nuo.kz","name":"Қазақстан Республикасының Ұлттық Қорғаныс Университеті","name:ru":"Национальный Университет Обороны Республики Казахстан","not:operator:wikidata":"Q124731304","operator":"ҚР БжҒМ","operator:type":"university","category":"education","osmId":"way/419217546","locationMethod":"OSM bounding-box center"}},{"type":"Feature","id":"way/424894606","geometry":{"type":"Point","coordinates":[71.42869,51.0428603]},"properties":{"amenity":"school","barrier":"fence","name":"Школа №24","category":"education","osmId":"way/424894606","locationMethod":"OSM bounding-box center"}},{"type":"Feature","id":"way/424894638","geometry":{"type":"Point","coordinates":[71.4193851,51.0828655]},"properties":{"amenity":"hospital","barrier":"fence","email":"gdib@mail.ru","healthcare":"hospital","name":"№ 3 көпбейінді қалалық балалар ауруханасы","name:kk":"№ 3 көпбейінді қалалық балалар ауруханасы","name:ru":"Многопрофильная городская детская больница №3","opening_hours":"24/7","phone":"+7 (7172) 25-90-53;+7 (7172) 56-13-59;+7 (7172) 25-96-52","website":"http://mgdb-3.kz/","category":"health","osmId":"way/424894638","locationMethod":"OSM bounding-box center"}},{"type":"Feature","id":"way/424894649","geometry":{"type":"Point","coordinates":[71.4091539,51.0841395]},"properties":{"amenity":"hospital","barrier":"fence","contact:phone":"+7 7172 577225","contact:website":"http://astanaclinic.kz/","healthcare":"hospital","name":"№2 көпбейінді қалалық аурухана","name:kk":"№2 көпбейінді қалалық аурухана","name:ru":"Городская многопрофильная больница №2","category":"health","osmId":"way/424894649","locationMethod":"OSM bounding-box center"}},{"type":"Feature","id":"way/424894683","geometry":{"type":"Point","coordinates":[71.3974064,51.0913278]},"properties":{"amenity":"university","barrier":"fence","contact:fax":"+7(7172)70 60 54","contact:phone":"+7(7172)70 66 88","name":"Назарбаев Университеті","name:de":"Nasarbajew-Universität","name:en":"Nazarbayev University","name:pl":"Uniwersytet Nazarbajewa","name:ru":"Назарбаев Университет","start_date":"2010-06","website":"https://nu.edu.kz/","website:menu":"https://nu.edu.kz/","wikidata":"Q2783344","category":"education","osmId":"way/424894683","locationMethod":"OSM bounding-box center"}},{"type":"Feature","id":"way/424894690","geometry":{"type":"Point","coordinates":[71.4077505,51.1218317]},"properties":{"amenity":"hospital","barrier":"fence","healthcare":"hospital","healthcare:speciality":"neurosurgery","name":"Ұлттық нейрохирургия орталығы","name:ru":"Национальный центр нейрохирургии","category":"health","osmId":"way/424894690","locationMethod":"OSM bounding-box center"}},{"type":"Feature","id":"way/424894691","geometry":{"type":"Point","coordinates":[71.4040382,51.1185398]},"properties":{"amenity":"hospital","barrier":"fence","healthcare":"hospital","healthcare:speciality":"cardiothoracic_surgery;cardiology","name":"Ұлттық ғылыми кардиохирургия орталығы","name:ru":"Национальный научный кардиохирургтческий центр","category":"health","osmId":"way/424894691","locationMethod":"OSM bounding-box center"}},{"type":"Feature","id":"way/424894698","geometry":{"type":"Point","coordinates":[71.404949,51.1202214]},"properties":{"amenity":"hospital","barrier":"fence","healthcare":"hospital","name":"Республикалық балаларды оңалту орталығы","name:ru":"Республиканский детский реабилитационный центр","category":"health","osmId":"way/424894698","locationMethod":"OSM bounding-box center"}},{"type":"Feature","id":"way/424894706","geometry":{"type":"Point","coordinates":[71.4072676,51.1187731]},"properties":{"amenity":"hospital","barrier":"fence","healthcare":"hospital","healthcare:speciality":"oncology","name":"Ұлттық ғылыми онкология орталығы","name:ru":"Национальный научный онкологический центр","category":"health","osmId":"way/424894706","locationMethod":"OSM bounding-box center"}},{"type":"Feature","id":"way/424894726","geometry":{"type":"Point","coordinates":[71.4559849,51.1011147]},"properties":{"amenity":"kindergarten","barrier":"fence","education":"kindergarten","name":"№ 84 \"Кәусар\" балабақшасы","name:ru":"Ясли-сад № 84 \"Каусар\"","category":"education","osmId":"way/424894726","locationMethod":"OSM bounding-box center"}},{"type":"Feature","id":"way/424923381","geometry":{"type":"Point","coordinates":[71.4801814,51.1166931]},"properties":{"amenity":"kindergarten","barrier":"fence","category":"education","osmId":"way/424923381","locationMethod":"OSM bounding-box center"}},{"type":"Feature","id":"way/424980055","geometry":{"type":"Point","coordinates":[71.4888342,51.1286813]},"properties":{"amenity":"kindergarten","barrier":"fence","category":"education","osmId":"way/424980055","locationMethod":"OSM bounding-box center"}},{"type":"Feature","id":"way/425276192","geometry":{"type":"Point","coordinates":[71.4370336,51.1140508]},"properties":{"amenity":"kindergarten","barrier":"fence","education":"kindergarten","name":"№87 \"Қадыр\" балабақшасы","name:ru":"Ясли-сад №87 \"Кадыр\"","category":"education","osmId":"way/425276192","locationMethod":"OSM bounding-box center"}},{"type":"Feature","id":"way/425276205","geometry":{"type":"Point","coordinates":[71.4285885,51.1106474]},"properties":{"amenity":"kindergarten","barrier":"fence","education":"kindergarten","name":"№78 \"Асыл\" балабақшасы","name:ru":"Ясли-сад №78 \"Асыл\"","category":"education","osmId":"way/425276205","locationMethod":"OSM bounding-box center"}},{"type":"Feature","id":"way/425390944","geometry":{"type":"Point","coordinates":[71.3899129,51.1981908]},"properties":{"amenity":"kindergarten","barrier":"fence","name":"№2 \"Батыр\" балабақшасы","name:kk":"№2 \"Батыр\" балабақшасы","name:ru":"Ясли-сад №2 \"Батыр\"","category":"education","osmId":"way/425390944","locationMethod":"OSM bounding-box center"}},{"type":"Feature","id":"way/426100682","geometry":{"type":"Point","coordinates":[71.4338376,51.1599952]},"properties":{"amenity":"kindergarten","barrier":"fence","education":"kindergarten","name":"№46 \"Самал\" санаториялық балабақшасы","name:kk":"№46 \"Самал\" санаториялық балабақшасы","name:ru":"Санаторный ясли-сад № 46 \"Самал\"","category":"education","osmId":"way/426100682","locationMethod":"OSM bounding-box center"}},{"type":"Feature","id":"way/426394351","geometry":{"type":"Point","coordinates":[71.4860512,51.1574388]},"properties":{"amenity":"kindergarten","barrier":"fence","name":"№32 \"Балдәурен\" балабақшасы","name:kk":"№32 \"Балдәурен\" балабақшасы","name:ru":"Ясли-сад №32 \"Балдаурен\"","category":"education","osmId":"way/426394351","locationMethod":"OSM bounding-box center"}},{"type":"Feature","id":"way/426394353","geometry":{"type":"Point","coordinates":[71.4849892,51.1580913]},"properties":{"amenity":"school","barrier":"fence","name":"№32 мектеп-гимназия","name:kk":"№32 мектеп-гимназия","name:ru":"Школа-гимназия №32","category":"education","osmId":"way/426394353","locationMethod":"OSM bounding-box center"}},{"type":"Feature","id":"way/427773095","geometry":{"type":"Point","coordinates":[71.4029116,51.0836528]},"properties":{"amenity":"hospital","barrier":"fence","healthcare":"hospital","name":"Емханасы бар орталық госпиталь","name:ru":"Центральный госпиталь с поликлиникой","operator":"Қазақстан Республикасы Ішкі істер министрлігі","operator:type":"government","category":"health","osmId":"way/427773095","locationMethod":"OSM bounding-box center"}},{"type":"Feature","id":"way/429586053","geometry":{"type":"Point","coordinates":[71.3691772,51.1722745]},"properties":{"amenity":"kindergarten","barrier":"fence","name":"№65 \"Бал бала\" балабақшасы","name:kk":"№65 \"Бал бала\" балабақшасы","name:ru":"Ясли-сад №65 \"Бал бала\"","category":"education","osmId":"way/429586053","locationMethod":"OSM bounding-box center"}},{"type":"Feature","id":"way/499644328","geometry":{"type":"Point","coordinates":[71.2524865,51.1289159]},"properties":{"addr:city":"Астана","addr:country":"KZ","addr:housenumber":"105","addr:place":"дктский сад №62","addr:street":"улица Сырым батыра","amenity":"kindergarten","building":"yes","building:levels":"1","name":"Нурсауле","category":"education","osmId":"way/499644328","locationMethod":"OSM bounding-box center"}},{"type":"Feature","id":"way/500672045","geometry":{"type":"Point","coordinates":[71.2513335,51.1282395]},"properties":{"addr:city":"Астана","addr:country":"KZ","addr:housenumber":"1","addr:street":"улица Белкарагай","amenity":"clinic","building":"yes","building:levels":"1","healthcare":"clinic","name":"Городская поликлиника №12","category":"health","osmId":"way/500672045","locationMethod":"OSM bounding-box center"}},{"type":"Feature","id":"way/501653304","geometry":{"type":"Point","coordinates":[71.3858262,51.1723006]},"properties":{"amenity":"school","barrier":"fence","name":"Школа №65","category":"education","osmId":"way/501653304","locationMethod":"OSM bounding-box center"}},{"type":"Feature","id":"way/507994822","geometry":{"type":"Point","coordinates":[71.2889407,51.1352725]},"properties":{"addr:city":"Астана","addr:country":"KZ","addr:housenumber":"2","addr:street":"638","amenity":"kindergarten","building":"yes","building:levels":"2","name":"Детский сад № 91","category":"education","osmId":"way/507994822","locationMethod":"OSM bounding-box center"}},{"type":"Feature","id":"way/521853207","geometry":{"type":"Point","coordinates":[71.6448411,51.2861552]},"properties":{"addr:country":"KZ","addr:housenumber":"1А","addr:street":"улица Аль Фараби","amenity":"school","building":"yes","building:levels":"3","education":"school","name":"общеобразовательная школа №1","category":"education","osmId":"way/521853207","locationMethod":"OSM bounding-box center"}},{"type":"Feature","id":"way/734478941","geometry":{"type":"Point","coordinates":[71.40778,51.0828354]},"properties":{"addr:city":"Астана","addr:country":"KZ","addr:housenumber":"25/1","addr:street":"Хусейн бен Талал көшесі","amenity":"clinic","building":"yes","building:levels":"3","healthcare":"clinic","name":"Green Clinic","category":"health","osmId":"way/734478941","locationMethod":"OSM bounding-box center"}},{"type":"Feature","id":"way/1012114421","geometry":{"type":"Point","coordinates":[71.3570667,51.1478537]},"properties":{"addr:street":"Қорғалжын тас жолы","amenity":"school","name":"Қайым Мұхамедханов атындағы №90 гимназия","name:ru":"Гимназия №90 имени Кайыма Мухамедханова","category":"education","osmId":"way/1012114421","locationMethod":"OSM bounding-box center"}},{"type":"Feature","id":"way/1077512587","geometry":{"type":"Point","coordinates":[71.5190925,51.1177354]},"properties":{"addr:city":"Астана","addr:country":"KZ","addr:housenumber":"49а","addr:street":"Ахмет Байтұрсынұлы көшесі","amenity":"school","building":"yes","building:levels":"5","grades":"0-5","name":"Binom School им. Ахмета Байтурсынова","operator":"BI GROUP","operator:type":"public","religion":"muslim","website":"https://binom.edu.kz","category":"education","osmId":"way/1077512587","locationMethod":"OSM bounding-box center"}},{"type":"Feature","id":"way/1077663057","geometry":{"type":"Point","coordinates":[71.3591812,50.9855801]},"properties":{"addr:housenumber":"2А","addr:street":"улица Толе би","amenity":"clinic","building":"yes","healthcare":"clinic","name":"Жанұя","category":"health","osmId":"way/1077663057","locationMethod":"OSM bounding-box center"}},{"type":"Feature","id":"way/1090577475","geometry":{"type":"Point","coordinates":[71.3856719,51.1391021]},"properties":{"addr:city":"Астана","addr:country":"KZ","addr:housenumber":"13/3","addr:street":"Әнет Баба көшесі","amenity":"clinic","building":"yes","healthcare":"clinic","name":"CITY","category":"health","osmId":"way/1090577475","locationMethod":"OSM bounding-box center"}},{"type":"Feature","id":"way/1096309126","geometry":{"type":"Point","coordinates":[71.4048624,51.0827221]},"properties":{"addr:city":"Астана","addr:country":"KZ","amenity":"clinic","building":"yes","healthcare":"clinic","name":"Prime Green Clinic","category":"health","osmId":"way/1096309126","locationMethod":"OSM bounding-box center"}},{"type":"Feature","id":"way/1101642537","geometry":{"type":"Point","coordinates":[71.3583899,50.9832926]},"properties":{"addr:housenumber":"1а","addr:street":"улица Мыржакып Дулатова","amenity":"kindergarten","education":"kindergarten","name":"Bal bala","category":"education","osmId":"way/1101642537","locationMethod":"OSM bounding-box center"}},{"type":"Feature","id":"way/1103312560","geometry":{"type":"Point","coordinates":[71.6624298,51.2681478]},"properties":{"addr:housenumber":"167","addr:street":"улица Жибек Жолы","amenity":"school","building":"yes","education":"school","name":"Школа №2","category":"education","osmId":"way/1103312560","locationMethod":"OSM bounding-box center"}},{"type":"Feature","id":"way/1103313380","geometry":{"type":"Point","coordinates":[71.6349738,51.2708683]},"properties":{"addr:housenumber":"125","amenity":"clinic","building":"yes","healthcare":"clinic","name":"Целиноградская районная поликлиника при управлении здравоохранения Алмалинской области","category":"health","osmId":"way/1103313380","locationMethod":"OSM bounding-box center"}},{"type":"Feature","id":"way/1103313592","geometry":{"type":"Point","coordinates":[71.6288912,51.2696628]},"properties":{"addr:housenumber":"30","addr:street":"Улица Коянды","amenity":"kindergarten","education":"kindergarten","name":"Ай-Көркем","category":"education","osmId":"way/1103313592","locationMethod":"OSM bounding-box center"}},{"type":"Feature","id":"way/1103313597","geometry":{"type":"Point","coordinates":[71.6293436,51.2718438]},"properties":{"addr:housenumber":"48","addr:street":"Жүнісов көшесі","amenity":"clinic","building":"yes","healthcare":"clinic","name":"Клиника Эндохирургии","category":"health","osmId":"way/1103313597","locationMethod":"OSM bounding-box center"}},{"type":"Feature","id":"way/1103313688","geometry":{"type":"Point","coordinates":[71.623091,51.2757397]},"properties":{"addr:housenumber":"3","addr:street":"Жүнісов көшесі","amenity":"kindergarten","education":"kindergarten","name":"Ак нур","category":"education","osmId":"way/1103313688","locationMethod":"OSM bounding-box center"}},{"type":"Feature","id":"way/1163652130","geometry":{"type":"Point","coordinates":[71.3976535,51.2065293]},"properties":{"amenity":"kindergarten","name":"Детсад №26 Балапан","category":"education","osmId":"way/1163652130","locationMethod":"OSM bounding-box center"}},{"type":"Feature","id":"way/1163895965","geometry":{"type":"Point","coordinates":[71.3884514,51.1983155]},"properties":{"amenity":"school","name":"№26 мектеп-гимназия","name:kk":"№26 мектеп-гимназия","name:ru":"Школа-гимназия №26","opening_hours":"Mo-Sa 08:00-19:15","website":"https://26.astana-bilim.kz/","category":"education","osmId":"way/1163895965","locationMethod":"OSM bounding-box center"}},{"type":"Feature","id":"way/1165427367","geometry":{"type":"Point","coordinates":[71.3397988,51.1787963]},"properties":{"amenity":"school","name":"Школа №41","category":"education","osmId":"way/1165427367","locationMethod":"OSM bounding-box center"}},{"type":"Feature","id":"way/1177778801","geometry":{"type":"Point","coordinates":[71.4279914,51.0816918]},"properties":{"amenity":"school","education":"school","name":"Білім-Инновация, лицей","category":"education","osmId":"way/1177778801","locationMethod":"OSM bounding-box center"}},{"type":"Feature","id":"way/1177778802","geometry":{"type":"Point","coordinates":[71.4347231,51.0802928]},"properties":{"amenity":"school","education":"school","name":"Ә. Кекілбаев ат. Binom School","name:kk":"Ә. Кекілбаев ат. Binom School","name:ru":"Binom School им. А. Кекилбаева","category":"education","osmId":"way/1177778802","locationMethod":"OSM bounding-box center"}},{"type":"Feature","id":"way/1208979189","geometry":{"type":"Point","coordinates":[71.3949124,51.1302774]},"properties":{"amenity":"school","education":"school","name":"№101 жалпы орта білім беретін мектеп","name:ru":"Общеобразовательная школа №101","category":"education","osmId":"way/1208979189","locationMethod":"OSM bounding-box center"}},{"type":"Feature","id":"way/1251572144","geometry":{"type":"Point","coordinates":[71.3685798,50.991384]},"properties":{"amenity":"hospital","healthcare":"hospital","category":"health","osmId":"way/1251572144","locationMethod":"OSM bounding-box center"}},{"type":"Feature","id":"way/1254558143","geometry":{"type":"Point","coordinates":[71.6344833,51.2176618]},"properties":{"amenity":"school","category":"education","osmId":"way/1254558143","locationMethod":"OSM bounding-box center"}},{"type":"Feature","id":"way/1259328027","geometry":{"type":"Point","coordinates":[71.4328522,51.0435623]},"properties":{"amenity":"kindergarten","name":"Ясли-сад №57","category":"education","osmId":"way/1259328027","locationMethod":"OSM bounding-box center"}},{"type":"Feature","id":"way/1295427391","geometry":{"type":"Point","coordinates":[71.394755,51.1200698]},"properties":{"addr:housenumber":"42","addr:street":"улица Толе Би","amenity":"school","education":"school","name":"Ы. Алтынсарин атындағы Binom school","name:ru":"Binom school имени Ы. Алтынсарина","category":"education","osmId":"way/1295427391","locationMethod":"OSM bounding-box center"}},{"type":"Feature","id":"way/1295427393","geometry":{"type":"Point","coordinates":[71.3901621,51.1327738]},"properties":{"addr:housenumber":"2","addr:street":"Е-899 көшесі","amenity":"school","education":"school","name":"Quantum STEM School","category":"education","osmId":"way/1295427393","locationMethod":"OSM bounding-box center"}},{"type":"Feature","id":"way/1327900715","geometry":{"type":"Point","coordinates":[71.2100219,51.1315038]},"properties":{"addr:city":"Қараөткел","addr:housenumber":"2а","addr:street":"Бөгенбай батыр","amenity":"school","grades":"0-12","name":"Жайлы мектеп","operator":"Гос","category":"education","osmId":"way/1327900715","locationMethod":"OSM bounding-box center"}},{"type":"Feature","id":"way/1372003435","geometry":{"type":"Point","coordinates":[71.4204936,51.0717985]},"properties":{"amenity":"school","education":"school","name":"ЖОББМ №103","category":"education","osmId":"way/1372003435","locationMethod":"OSM bounding-box center"}},{"type":"Feature","id":"way/1373679743","geometry":{"type":"Point","coordinates":[71.4216923,51.0696026]},"properties":{"amenity":"kindergarten","education":"kindergarten","name":"Қарлығаш","not:operator:wikidata":"Q124731304","operator":"ҚР БҒМ","operator:type":"public","category":"education","osmId":"way/1373679743","locationMethod":"OSM bounding-box center"}},{"type":"Feature","id":"way/1385141128","geometry":{"type":"Point","coordinates":[71.4650376,51.1264416]},"properties":{"addr:city":"Астана","addr:street":"Ахмет Байтұрсынұлы көшесі","amenity":"school","barrier":"fence","denomination":"sunni","grades":"1-11","name":"№102 жалпы орта білім беретін мектеп","name:ru":"Общеобразовательная школа №102","religion":"muslim","category":"education","osmId":"way/1385141128","locationMethod":"OSM bounding-box center"}},{"type":"Feature","id":"way/1419934933","geometry":{"type":"Point","coordinates":[71.4267663,51.0797946]},"properties":{"addr:city":"Астана","addr:housenumber":"35","addr:street":"Хусейн бен Талал көшесі","amenity":"school","education":"school","name":"Kazakhstan International School Astana","category":"education","osmId":"way/1419934933","locationMethod":"OSM bounding-box center"}},{"type":"Feature","id":"way/1424119031","geometry":{"type":"Point","coordinates":[71.4144709,51.1237271]},"properties":{"addr:housenumber":"38А","addr:street":"Қабанбай Батыр даңғылы","amenity":"school","name":"№99 жалпы орта білім беретін мектеп","name:ru":"Общеобразовательная школа №99","operator":"Астана қаласының Білім басқармасы","operator:type":"government","category":"education","osmId":"way/1424119031","locationMethod":"OSM bounding-box center"}},{"type":"Feature","id":"way/1425752358","geometry":{"type":"Point","coordinates":[71.3744564,51.1345933]},"properties":{"addr:housenumber":"12","addr:street":"Күлтегін көшесі","amenity":"school","education":"school","name":"New Generation School Astana","category":"education","osmId":"way/1425752358","locationMethod":"OSM bounding-box center"}},{"type":"Feature","id":"way/1430229102","geometry":{"type":"Point","coordinates":[71.5057229,51.1102274]},"properties":{"addr:city":"Астана","addr:housenumber":"38","addr:street":"Шәмші Қалдаяқов көшесі","amenity":"school","operator":"Акимат г.Астаны","operator:type":"government","category":"education","osmId":"way/1430229102","locationMethod":"OSM bounding-box center"}},{"type":"Feature","id":"way/1431634806","geometry":{"type":"Point","coordinates":[71.4673188,51.0871094]},"properties":{"amenity":"school","name":"№109 жайлы мектеп","name:ru":"Комфортная школа №109","category":"education","osmId":"way/1431634806","locationMethod":"OSM bounding-box center"}},{"type":"Feature","id":"way/1443249141","geometry":{"type":"Point","coordinates":[71.4204101,51.1775188]},"properties":{"amenity":"school","name":"№6 гимназия","name:kk":"№6 гимназия","name:ru":"Гимназия №6","category":"education","osmId":"way/1443249141","locationMethod":"OSM bounding-box center"}},{"type":"Feature","id":"way/1454112385","geometry":{"type":"Point","coordinates":[71.3919497,51.1362111]},"properties":{"amenity":"school","education":"school","name":"№117 жалпы орта білім беретін мектеп","name:ru":"Общеобразовательная школа №117","operator":"Астана қаласының Білім басқармасы","category":"education","osmId":"way/1454112385","locationMethod":"OSM bounding-box center"}},{"type":"Feature","id":"way/1454343250","geometry":{"type":"Point","coordinates":[71.4120006,51.1267201]},"properties":{"amenity":"hospital","healthcare":"hospital","name":"Балалар кардиохирургиялық орталығы","name:kk":"Балалар кардиохирургиялық орталығы","name:ru":"Детский кардиохирургический центр","category":"health","osmId":"way/1454343250","locationMethod":"OSM bounding-box center"}},{"type":"Feature","id":"way/1454504434","geometry":{"type":"Point","coordinates":[71.4186364,51.1116791]},"properties":{"amenity":"kindergarten","education":"kindergarten","name":"№82 \"Айару\" балабақшасы","name:ru":"Ясли-сад №82 \"Айару\"","category":"education","osmId":"way/1454504434","locationMethod":"OSM bounding-box center"}},{"type":"Feature","id":"way/1454504438","geometry":{"type":"Point","coordinates":[71.414951,51.113221]},"properties":{"amenity":"school","education":"school","name":"Дулат Бабатайұлы атындағы № 89 мектеп-лицей","name:ru":"Школа-лицей № 89 имени Дулата Бабатайулы","category":"education","osmId":"way/1454504438","locationMethod":"OSM bounding-box center"}},{"type":"Feature","id":"way/1455752636","geometry":{"type":"Point","coordinates":[71.3762722,51.13859]},"properties":{"amenity":"school","education":"school","name":"№115 жалпы орта білім беретін мектеп","name:ru":"Общеобразовательная школа №115","category":"education","osmId":"way/1455752636","locationMethod":"OSM bounding-box center"}},{"type":"Feature","id":"way/1455752637","geometry":{"type":"Point","coordinates":[71.3723962,51.1408859]},"properties":{"amenity":"school","check_date":"2024-10-10","education":"school","name":"№81 \"Astana English School\" халықаралық мектебі","name:ru":"Международная школа №81 \"Astana English School\"","category":"education","osmId":"way/1455752637","locationMethod":"OSM bounding-box center"}},{"type":"Feature","id":"way/1455752640","geometry":{"type":"Point","coordinates":[71.3729007,51.138058]},"properties":{"amenity":"kindergarten","education":"kindergarten","name":"№98 \"Мирас\" балабақшасы","name:ru":"Ясли-сад №98\" Мирас\"","category":"education","osmId":"way/1455752640","locationMethod":"OSM bounding-box center"}},{"type":"Feature","id":"way/1455752641","geometry":{"type":"Point","coordinates":[71.3715311,51.1382593]},"properties":{"amenity":"school","education":"school","name":"Neotech Digital School","website":"https://neotechschool.kz","category":"education","osmId":"way/1455752641","locationMethod":"OSM bounding-box center"}},{"type":"Feature","id":"way/1455752642","geometry":{"type":"Point","coordinates":[71.3695593,51.1343415]},"properties":{"amenity":"school","education":"school","name":"№71 мектеп-лицей","name:ru":"Школа-лицей №71","category":"education","osmId":"way/1455752642","locationMethod":"OSM bounding-box center"}},{"type":"Feature","id":"way/1455976036","geometry":{"type":"Point","coordinates":[71.4293275,51.0762905]},"properties":{"amenity":"hospital","healthcare":"hospital","name":"Қазақстан Республикасы Президентінің Іс Басқармасы Медициналық орталығының ауруханасы","name:ru":"Больница Медицинского центра Управления Делами Президента Республики Казахстан","category":"health","osmId":"way/1455976036","locationMethod":"OSM bounding-box center"}},{"type":"Feature","id":"way/1455980749","geometry":{"type":"Point","coordinates":[71.4151754,51.0815262]},"properties":{"alt_name:ru":"Центр медико-социальной реабилитации, наркологический диспансер","amenity":"hospital","email":"narkokon@mail.ru","health_specialty:addiction_medicine":"main","healthcare":"hospital","name":"Қалалық психикалық денсаулық орталығы","name:ru":"Городской центр психического здоровья","opening_hours":"Mo-Sa 08:00-17:00","operator":"Астана қаласының Қоғамдық денсаулық сақтау басқармасы","operator:type":"government","phone":"+7 (7172) 33-14-06 (регистратура)","phone1":"+7 (7172) 33-17-71 (приемная гл. врача)","phone2":"+7 (7172) 33-17-16 (приемный покой);","website":"https://www.cmsr.kz/","category":"health","osmId":"way/1455980749","locationMethod":"OSM bounding-box center"}},{"type":"Feature","id":"way/1455980758","geometry":{"type":"Point","coordinates":[71.4123136,51.0949664]},"properties":{"amenity":"school","education":"school","name":"№ 96 мектеп-гимназия","name:ru":"Школа-гимназия №96","category":"education","osmId":"way/1455980758","locationMethod":"OSM bounding-box center"}},{"type":"Feature","id":"way/1455980767","geometry":{"type":"Point","coordinates":[71.4285112,51.09284]},"properties":{"amenity":"school","education":"school","name":"Astana Garden International School","category":"education","osmId":"way/1455980767","locationMethod":"OSM bounding-box center"}},{"type":"Feature","id":"way/1456060925","geometry":{"type":"Point","coordinates":[71.4502023,51.0878729]},"properties":{"amenity":"school","education":"school","name":"Қаныш Сәтбаев атындағы Binom School мектеп-лицейі","name:ru":"школа-лицей Binom School имения Каныша Сатпаева","category":"education","osmId":"way/1456060925","locationMethod":"OSM bounding-box center"}},{"type":"Feature","id":"way/1456060930","geometry":{"type":"Point","coordinates":[71.453987,51.0941629]},"properties":{"amenity":"school","education":"school","name":"№95 мектеп-лицей","name:ru":"Школа-лицей №95","category":"education","osmId":"way/1456060930","locationMethod":"OSM bounding-box center"}},{"type":"Feature","id":"way/1456060943","geometry":{"type":"Point","coordinates":[71.4400056,51.0958935]},"properties":{"amenity":"school","education":"school","name":"№82 \"Дарын\" мамандандырылған лицейі","name:ru":"Специализированный лицей №82 \"Дарын\"","category":"education","osmId":"way/1456060943","locationMethod":"OSM bounding-box center"}},{"type":"Feature","id":"way/1456060962","geometry":{"type":"Point","coordinates":[71.4351667,51.1108579]},"properties":{"amenity":"school","education":"school","name":"№75 мектеп-гимназия","name:ru":"Школа-гимназия №75","category":"education","osmId":"way/1456060962","locationMethod":"OSM bounding-box center"}},{"type":"Feature","id":"way/1456060966","geometry":{"type":"Point","coordinates":[71.4292292,51.1117052]},"properties":{"amenity":"school","education":"school","name":"Әлихан Бөкейхан атындағы №76 мектеп-лицей","name:ru":"Школа-лицей №76 имени Алихана Бокейхана","category":"education","osmId":"way/1456060966","locationMethod":"OSM bounding-box center"}},{"type":"Feature","id":"way/1456208632","geometry":{"type":"Point","coordinates":[71.415037,51.099472]},"properties":{"amenity":"school","education":"school","name":"Шейх Халифа бен Заид әл-Нахаян атындағы №84 мектеп-лицей","name:ru":"Школа-лицей №84 имени шейха Халифа бен Заида аль-Нахаяна","category":"education","osmId":"way/1456208632","locationMethod":"OSM bounding-box center"}},{"type":"Feature","id":"way/1457450137","geometry":{"type":"Point","coordinates":[71.4259057,51.08536]},"properties":{"amenity":"kindergarten","education":"kindergarten","name":"Abadan","category":"education","osmId":"way/1457450137","locationMethod":"OSM bounding-box center"}},{"type":"Feature","id":"way/1457450149","geometry":{"type":"Point","coordinates":[71.4242483,51.0983182]},"properties":{"amenity":"school","description":"филиал Назарбаев Интеллектуальная школа","education":"school","name":"Астана қаласындағы халықаралық мектеп","name:en":"International Steppe School of Astana","name:ru":"Международная школа г. Астаны","phone":"+7 (7172) 91‒61‒77 приемная;+7‒747‒022‒45‒29 приемная комиссия","website":"https://isa.nis.edu.kz/","category":"education","osmId":"way/1457450149","locationMethod":"OSM bounding-box center"}},{"type":"Feature","id":"way/1460088055","geometry":{"type":"Point","coordinates":[71.4101363,51.1001854]},"properties":{"amenity":"school","education":"school","name":"Шейх Тәмим бен Хамад әл-Тәни атындағы № 85 мектеп-лицей","name:ru":"Школа-лицей №85 им. шейха Тамима бен Хамада аль-Тани","category":"education","osmId":"way/1460088055","locationMethod":"OSM bounding-box center"}},{"type":"Feature","id":"way/1460139797","geometry":{"type":"Point","coordinates":[71.4463837,51.0956374]},"properties":{"amenity":"school","education":"school","name":"№107 жалпы орта білім беретін мектеп","name:ru":"Общеобразовательная школа №107","category":"education","osmId":"way/1460139797","locationMethod":"OSM bounding-box center"}},{"type":"Feature","id":"way/1460139798","geometry":{"type":"Point","coordinates":[71.4460323,51.0946602]},"properties":{"amenity":"school","education":"school","name":"Seed Uniker School","category":"education","osmId":"way/1460139798","locationMethod":"OSM bounding-box center"}},{"type":"Feature","id":"way/1460668257","geometry":{"type":"Point","coordinates":[71.4385523,51.0918934]},"properties":{"amenity":"kindergarten","education":"kindergarten","name":"Baby Village","category":"education","osmId":"way/1460668257","locationMethod":"OSM bounding-box center"}},{"type":"Feature","id":"way/1460675880","geometry":{"type":"Point","coordinates":[71.4415962,51.104335]},"properties":{"amenity":"school","education":"school","email":"comfort.shkola@mail.ru","name":"№104 жалпы орта білім беретін мектеп","name:ru":"Общеобразовательная школа №104","operator":"Астана қаласының Білім басқармасы","operator:type":"government","phone":"+7 7172 570664","category":"education","osmId":"way/1460675880","locationMethod":"OSM bounding-box center"}},{"type":"Feature","id":"way/1460675881","geometry":{"type":"Point","coordinates":[71.439624,51.1062527]},"properties":{"amenity":"kindergarten","education":"kindergarten","name":"№56 \"Береке\" балабақшасы","name:ru":"Ясли-сад №56 \"Береке\"","nursery":"yes","category":"education","osmId":"way/1460675881","locationMethod":"OSM bounding-box center"}},{"type":"Feature","id":"way/1460675882","geometry":{"type":"Point","coordinates":[71.4414304,51.1065501]},"properties":{"amenity":"school","education":"school","name":"№45 жалпы орта білім беретін мектеп","name:ru":"Общеобразовательная школа №45","operator":"Астана қаласының Білім басқармасы","operator:type":"government","category":"education","osmId":"way/1460675882","locationMethod":"OSM bounding-box center"}},{"type":"Feature","id":"way/1460675883","geometry":{"type":"Point","coordinates":[71.4484645,51.0996049]},"properties":{"amenity":"school","education":"school","name":"Қадыр Мырза Әлі атындағы Binom School мектеп-лицейі","name:ru":"Школа-лицей Binom School имени Кадыра Мырза Али","category":"education","osmId":"way/1460675883","locationMethod":"OSM bounding-box center"}},{"type":"Feature","id":"way/1460675894","geometry":{"type":"Point","coordinates":[71.4517027,51.1033502]},"properties":{"amenity":"kindergarten","contact:instagram":"aldibi.bi","education":"kindergarten","name":"Aldi Bi","operator":"BI Group","operator:type":"private","pedagogy":"reggio_emilia","phone":"+7 771 7007545","website":"https://aldi.bi.group/","category":"education","osmId":"way/1460675894","locationMethod":"OSM bounding-box center"}},{"type":"Feature","id":"way/1461292479","geometry":{"type":"Point","coordinates":[71.4266909,51.1029204]},"properties":{"addr:housenumber":"10/1","addr:street":"25-ші көше","amenity":"kindergarten","education":"kindergarten","name":"№15 \"Дарын\" балабақшасы","name:ru":"Ясли-сад № 15 \"Дарын\"","opening_hours":"Mo-Fr 08:00-18:00","phone":"+7 (7172) 97‒17‒57","category":"education","osmId":"way/1461292479","locationMethod":"OSM bounding-box center"}},{"type":"Feature","id":"way/1461292490","geometry":{"type":"Point","coordinates":[71.4286521,51.1071554]},"properties":{"amenity":"kindergarten","education":"kindergarten","name":"Қарлығаш","category":"education","osmId":"way/1461292490","locationMethod":"OSM bounding-box center"}},{"type":"Feature","id":"way/1461294450","geometry":{"type":"Point","coordinates":[71.4152507,51.1172212]},"properties":{"addr:housenumber":"4","addr:street":"Алматы көшесі","amenity":"kindergarten","education":"kindergarten","name":"№95 \"Алматы\" балабақшасы","name:ru":"Ясли-сад №95 \"Алматы\"","category":"education","osmId":"way/1461294450","locationMethod":"OSM bounding-box center"}},{"type":"Feature","id":"way/1461478844","geometry":{"type":"Point","coordinates":[71.4127872,51.0837407]},"properties":{"amenity":"hospital","healthcare":"hospital","healthcare:speciality":"neonatology;gynaecology","name":"№1 перинаталдық орталық","name:ru":"Перинатальный центр №1","category":"health","osmId":"way/1461478844","locationMethod":"OSM bounding-box center"}},{"type":"Feature","id":"way/1461480265","geometry":{"type":"Point","coordinates":[71.4043037,51.1143619]},"properties":{"amenity":"school","education":"school","name":"№97 мектеп-гимназия","name:ru":"Школа-гимназия №97","category":"education","osmId":"way/1461480265","locationMethod":"OSM bounding-box center"}},{"type":"Feature","id":"way/1461497943","geometry":{"type":"Point","coordinates":[71.4371338,51.1154735]},"properties":{"amenity":"school","education":"school","name":"Фариза Оңғарсынова атындағы № 77 мектеп-гимназия","name:ru":"Школа-гимназия № 77 имени Фаризы Онгарсыновой","category":"education","osmId":"way/1461497943","locationMethod":"OSM bounding-box center"}},{"type":"Feature","id":"way/1461497950","geometry":{"type":"Point","coordinates":[71.4228372,51.1187813]},"properties":{"amenity":"kindergarten","education":"kindergarten","name":"№64 \"Асыл Бөбек\" арнайы балабақшасы","name:ru":"Специальный детский сад №64 \"Асыл Бобек\"","category":"education","osmId":"way/1461497950","locationMethod":"OSM bounding-box center"}},{"type":"Feature","id":"way/1461497951","geometry":{"type":"Point","coordinates":[71.4225493,51.1179432]},"properties":{"amenity":"kindergarten","education":"kindergarten","name":"№77 \"Қошақан\" балабақшасы","name:ru":"Ясли-сад №77 \"Кошакан\"","category":"education","osmId":"way/1461497951","locationMethod":"OSM bounding-box center"}},{"type":"Feature","id":"way/1461497952","geometry":{"type":"Point","coordinates":[71.4209967,51.1161795]},"properties":{"amenity":"kindergarten","education":"kindergarten","name":"№54 \"Нұр-ай\" балабақшасы","name:ru":"Ясли-сад №54 \"Нур-ай\"","category":"education","osmId":"way/1461497952","locationMethod":"OSM bounding-box center"}},{"type":"Feature","id":"way/1461758834","geometry":{"type":"Point","coordinates":[71.4089881,51.1180719]},"properties":{"amenity":"school","education":"school","name":"Медицина мектебі","name:en":"School of Medicine","name:ru":"Школа медицины","operator":"Назарбаев университеті","category":"education","osmId":"way/1461758834","locationMethod":"OSM bounding-box center"}},{"type":"Feature","id":"way/1467797216","geometry":{"type":"Point","coordinates":[71.3734671,51.1319659]},"properties":{"amenity":"school","education":"school","name":"Qazbilim ұлттық лицейі","name:kk":"Qazbilim ұлттық лицейі","name:ru":"Национальный лицей Qazbilimі","category":"education","osmId":"way/1467797216","locationMethod":"OSM bounding-box center"}},{"type":"Feature","id":"way/1475410932","geometry":{"type":"Point","coordinates":[71.3850895,51.0983332]},"properties":{"amenity":"school","education":"school","name":"№ 45 жалпы орта білім беретін мектеп","name:ru":"Общеобразовательная школа №45","category":"education","osmId":"way/1475410932","locationMethod":"OSM bounding-box center"}},{"type":"Feature","id":"way/1475410939","geometry":{"type":"Point","coordinates":[71.3931875,51.1126198]},"properties":{"amenity":"school","education":"school","name":"№111 орта мектеп","name:ru":"Средняя школа №111","category":"education","osmId":"way/1475410939","locationMethod":"OSM bounding-box center"}},{"type":"Feature","id":"way/1475412307","geometry":{"type":"Point","coordinates":[71.4415932,51.0998803]},"properties":{"amenity":"school","education":"school","name":"Sana School","category":"education","osmId":"way/1475412307","locationMethod":"OSM bounding-box center"}},{"type":"Feature","id":"way/1478765472","geometry":{"type":"Point","coordinates":[71.3622923,51.1062041]},"properties":{"amenity":"school","education":"school","name":"Комфортная средняя школа №118","category":"education","osmId":"way/1478765472","locationMethod":"OSM bounding-box center"}},{"type":"Feature","id":"way/1478770896","geometry":{"type":"Point","coordinates":[71.3869718,51.108232]},"properties":{"addr:housenumber":"37/1","addr:street":"Төле Би көшесі","amenity":"school","education":"school","name":"№9 \"Зерде\" мамандандырылған лицейі","name:ru":"Специализированный лицей №9 \"Зерде\"","category":"education","osmId":"way/1478770896","locationMethod":"OSM bounding-box center"}},{"type":"Feature","id":"way/1479491291","geometry":{"type":"Point","coordinates":[71.362866,51.1234291]},"properties":{"amenity":"school","education":"school","category":"education","osmId":"way/1479491291","locationMethod":"OSM bounding-box center"}},{"type":"Feature","id":"way/1499092916","geometry":{"type":"Point","coordinates":[71.3882081,51.0600893]},"properties":{"addr:city":"Астана","addr:street":"Қарқаралы тас жолы көшесі","amenity":"university","education":"university","name":"Қазақ Ұлттық Спорт Университеті","name:en":"Qazaq National Sport University","name:ru":"Казахский Национальный Университет Спорта","category":"education","osmId":"way/1499092916","locationMethod":"OSM bounding-box center"}},{"type":"Feature","id":"way/1501398472","geometry":{"type":"Point","coordinates":[71.378199,51.1277188]},"properties":{"amenity":"kindergarten","education":"kindergarten","name":"№90 \"Еркежан\" балабақшасы","category":"education","osmId":"way/1501398472","locationMethod":"OSM bounding-box center"}},{"type":"Feature","id":"way/1501398473","geometry":{"type":"Point","coordinates":[71.3771409,51.1278649]},"properties":{"amenity":"kindergarten","education":"kindergarten","name":"№86 \"Зияткер\" балабақшасы","name:ru":"Ясли-сад №86 \"Зияткер\"","category":"education","osmId":"way/1501398473","locationMethod":"OSM bounding-box center"}},{"type":"Feature","id":"way/1501398474","geometry":{"type":"Point","coordinates":[71.3654925,51.1293452]},"properties":{"addr:housenumber":"8","addr:street":"улица Азильхана Нуршайыкова","amenity":"school","education":"school","name":"Смағұл Сәдуақасұлы атындағы №78 мектеп-гимназия","name:ru":"Школа-гимназия №78 имени Смагула Садуакасулы","category":"education","osmId":"way/1501398474","locationMethod":"OSM bounding-box center"}},{"type":"Feature","id":"way/1501398475","geometry":{"type":"Point","coordinates":[71.3705133,51.1357273]},"properties":{"amenity":"school","education":"school","name":"Virere Education","category":"education","osmId":"way/1501398475","locationMethod":"OSM bounding-box center"}},{"type":"Feature","id":"way/1503562349","geometry":{"type":"Point","coordinates":[71.4615376,51.119612]},"properties":{"addr:housenumber":"8","addr:street":"Жұмекен Нәжімеденов көшесі","amenity":"school","education":"school","name":"№98 мектеп-лицей","category":"education","osmId":"way/1503562349","locationMethod":"OSM bounding-box center"}},{"type":"Feature","id":"way/1503619968","geometry":{"type":"Point","coordinates":[71.4833119,51.1234915]},"properties":{"addr:housenumber":"25","addr:street":"Ахмет Байтұрсынұлы көшесі","amenity":"school","education":"school","name":"№72 мектеп-лицей","name:ru":"Школа-лицей №72","category":"education","osmId":"way/1503619968","locationMethod":"OSM bounding-box center"}},{"type":"Feature","id":"way/1503619970","geometry":{"type":"Point","coordinates":[71.4895931,51.1237932]},"properties":{"amenity":"kindergarten","education":"kindergarten","name":"№42 \"Бәйшешек\" балабакшасы","name:ru":"Ясли-сад №42 \"Бәйшешек\"","category":"education","osmId":"way/1503619970","locationMethod":"OSM bounding-box center"}},{"type":"Feature","id":"way/1503619971","geometry":{"type":"Point","coordinates":[71.4953499,51.1216284]},"properties":{"addr:housenumber":"35","addr:street":"Ахмет Байтұрсынұлы көшесі","amenity":"school","name":"Ыбырай Алтынсарин атыңдағы №83 мектеп-гимназия","name:ru":"Школа-гимназия №83 имени Ибрая Алтынсарина","category":"education","osmId":"way/1503619971","locationMethod":"OSM bounding-box center"}},{"type":"Feature","id":"way/1503619972","geometry":{"type":"Point","coordinates":[71.4890816,51.1158604]},"properties":{"addr:housenumber":"24","addr:street":"Жұмекен Нәжімеденов көшесі","amenity":"school","education":"school","name":"№ 93 мектеп-лицей","name:ru":"Школа-лицей № 93","category":"education","osmId":"way/1503619972","locationMethod":"OSM bounding-box center"}},{"type":"Feature","id":"way/1503619974","geometry":{"type":"Point","coordinates":[71.4756709,51.1139637]},"properties":{"amenity":"school","name":"№73 мектеп-лицей","name:ru":"Школа-лицей №73","category":"education","osmId":"way/1503619974","locationMethod":"OSM bounding-box center"}},{"type":"Feature","id":"way/1503619975","geometry":{"type":"Point","coordinates":[71.459954,51.1131345]},"properties":{"amenity":"school","education":"school","name":"№91 мектеп-гимназия","name:ru":"Школа -гимназия №91","category":"education","osmId":"way/1503619975","locationMethod":"OSM bounding-box center"}},{"type":"Feature","id":"way/1504299499","geometry":{"type":"Point","coordinates":[71.3798113,51.1488384]},"properties":{"addr:housenumber":"8","addr:street":"Қорғалжын тас жолы","amenity":"university","name":"М.С. Нәрікбаев атындағы университет","name:ru":"КАЗГЮУ им. М.С. Нарикбаева","official_name":"Мақсұт Сұлтанұлы Нәрікбаев атындағы Қазақ гуманитарлық заң университеті","category":"education","osmId":"way/1504299499","locationMethod":"OSM bounding-box center"}},{"type":"Feature","id":"way/1504299500","geometry":{"type":"Point","coordinates":[71.3726753,51.1486398]},"properties":{"addr:city":"Астана","addr:country":"KZ","addr:housenumber":"16/1","addr:street":"Қорғалжын тас жолы","amenity":"college","education":"college","name":"С. Нұрмағамбетов атындағы әскери колледж","name:ru":"Военный колледж имени С. Нурмагамбетова","official_name":"Кеңес Одағының Батыры, Халық Қаһарманы, армия генералы Сағадат Нұрмағамбетов атындағы әскери колледж","official_name:ru":"Военный колледж имени Героя Советского Союза, Халық Қаһарманы, генерала армии Сагадата Нурмагамбетова","category":"education","osmId":"way/1504299500","locationMethod":"OSM bounding-box center"}},{"type":"Feature","id":"way/1504299501","geometry":{"type":"Point","coordinates":[71.3623314,51.1514109]},"properties":{"amenity":"college","name":"Кәсіптік-техникалық колледж","name:ru":"Профессионально-технический колледж","category":"education","osmId":"way/1504299501","locationMethod":"OSM bounding-box center"}},{"type":"Feature","id":"way/1504299502","geometry":{"type":"Point","coordinates":[71.370024,51.1446268]},"properties":{"addr:city":"Астана","addr:country":"KZ","addr:housenumber":"37А","addr:street":"Қайым Мұхамедханов көшесі","amenity":"university","name":"Қ. Құлажанов атындағы Қазақ технология және бизнес университеті","name:ru":"Казахский университет технологии и бизнеса имени К. Кулажанова","category":"education","osmId":"way/1504299502","locationMethod":"OSM bounding-box center"}},{"type":"Feature","id":"way/1504299503","geometry":{"type":"Point","coordinates":[71.3768622,51.1351051]},"properties":{"addr:street":"Әйтеке Би көшесі","amenity":"kindergarten","education":"kindergarten","name":"№99 \"Бүлдіршін\" балабақшасы","operator":"Астана қаласы Нұра ауданы әкімінің аппараты","operator:type":"government","category":"education","osmId":"way/1504299503","locationMethod":"OSM bounding-box center"}},{"type":"Feature","id":"way/1504302825","geometry":{"type":"Point","coordinates":[71.4247517,51.0642297]},"properties":{"amenity":"kindergarten","education":"kindergarten","name":"International Steppe Kindergarten of Astana by NIS","category":"education","osmId":"way/1504302825","locationMethod":"OSM bounding-box center"}},{"type":"Feature","id":"way/1504303316","geometry":{"type":"Point","coordinates":[71.4955865,51.0791981]},"properties":{"amenity":"school","education":"school","name":"№108 жайлы мектеп","name:ru":"Комфортная школа №108","category":"education","osmId":"way/1504303316","locationMethod":"OSM bounding-box center"}},{"type":"Feature","id":"way/1505708405","geometry":{"type":"Point","coordinates":[71.3852289,51.1424251]},"properties":{"addr:city":"Астана","addr:housenumber":"3","addr:street":"улица Максута Нарикбаева","amenity":"school","check_date":"2025-09-03","education":"school","name":"№79 мектеп-лицей","name:ru":"Школа-лицей №79","category":"education","osmId":"way/1505708405","locationMethod":"OSM bounding-box center"}},{"type":"Feature","id":"way/1505708406","geometry":{"type":"Point","coordinates":[71.3874031,51.1435708]},"properties":{"amenity":"kindergarten","education":"kindergarten","name":"№88 \"Баян сұлу\" балабақшасы","name:ru":"Ясли-сад №88 \"Баян сулу\"","category":"education","osmId":"way/1505708406","locationMethod":"OSM bounding-box center"}},{"type":"Feature","id":"way/1505708407","geometry":{"type":"Point","coordinates":[71.3883326,51.1461848]},"properties":{"amenity":"school","education":"school","name":"QSI International School","category":"education","osmId":"way/1505708407","locationMethod":"OSM bounding-box center"}},{"type":"Feature","id":"way/1505708408","geometry":{"type":"Point","coordinates":[71.3934007,51.1435692]},"properties":{"addr:city":"Астана","addr:housenumber":"24","addr:street":"Тұмар Ханым көшесі","amenity":"kindergarten","education":"kindergarten","name":"№53 \"Мерей\" балабақшасы","name:ru":"Ясли-сад №53 \"Мерей\"","category":"education","osmId":"way/1505708408","locationMethod":"OSM bounding-box center"}},{"type":"Feature","id":"way/1505708409","geometry":{"type":"Point","coordinates":[71.3910693,51.1412555]},"properties":{"amenity":"kindergarten","education":"kindergarten","name":"№89 \"Қыз Жібек\" балабақшасы","name:ru":"Ясли-сад №89 \"Кыз Жибек\"","category":"education","osmId":"way/1505708409","locationMethod":"OSM bounding-box center"}},{"type":"Feature","id":"way/1505708410","geometry":{"type":"Point","coordinates":[71.4023763,51.1450385]},"properties":{"amenity":"kindergarten","education":"kindergarten","name":"№63 \"Әсем-ай\" балабақшасы","name:ru":"Ясли-сад №63 \"Асем-ай\"","category":"education","osmId":"way/1505708410","locationMethod":"OSM bounding-box center"}},{"type":"Feature","id":"way/1510503902","geometry":{"type":"Point","coordinates":[71.4375201,51.0729929]},"properties":{"amenity":"school","education":"school","name":"Қадыр Мырза Әлі атындағы №88 мектеп-лицей","name:kk":"Қадыр Мырза Әлі атындағы №88 мектеп-лицей","name:ru":"Школа-лицей № 88 имени Кадыра Мырза Али","category":"education","osmId":"way/1510503902","locationMethod":"OSM bounding-box center"}},{"type":"Feature","id":"way/1512939110","geometry":{"type":"Point","coordinates":[71.4148703,51.1433054]},"properties":{"amenity":"school","name":"Ақан Құрманов атындағы №17 мектеп-гимназия","name:ru":"Школа-гимназии №17 имени Акана Курманова","category":"education","osmId":"way/1512939110","locationMethod":"OSM bounding-box center"}},{"type":"Feature","id":"way/1512939111","geometry":{"type":"Point","coordinates":[71.4066254,51.1611702]},"properties":{"amenity":"school","name":"Шәкәрім атындағы №56 мектеп-лицей","name:kk":"Шәкәрім атындағы №56 мектеп-лицей","name:ru":"Школа-лицей №56 имени Шакарима","category":"education","osmId":"way/1512939111","locationMethod":"OSM bounding-box center"}},{"type":"Feature","id":"way/1512939112","geometry":{"type":"Point","coordinates":[71.4043387,51.1609894]},"properties":{"amenity":"clinic","email":"gorpoliklinika_4@mail.ru","healthcare":"clinic","name":"№4 қалалық емхана","name:kk":"№4 қалалық емхана","name:ru":"Городская поликлиника №4","phone":"+7 7172 573112;+7 7172 575038","website":"https://www.emhana-gp4.kz/","category":"health","osmId":"way/1512939112","locationMethod":"OSM bounding-box center"}},{"type":"Feature","id":"way/1512939113","geometry":{"type":"Point","coordinates":[71.4027714,51.1645762]},"properties":{"amenity":"school","education":"school","name":"Өзбекәлі Жәнібеков атындағы №11 мектеп-лицей","name:kk":"Өзбекәлі Жәнібеков атындағы №11 мектеп-лицей","name:ru":"Школа-лицей №11 имени Узбекали Жанибекова","category":"education","osmId":"way/1512939113","locationMethod":"OSM bounding-box center"}},{"type":"Feature","id":"way/1512939114","geometry":{"type":"Point","coordinates":[71.4049232,51.1672178]},"properties":{"amenity":"school","name":"Нәзір Төреқұлов атындағы №35 мектеп-лицей","name:ru":"Школа-лицей № 35 имени Назира Торекулова","category":"education","osmId":"way/1512939114","locationMethod":"OSM bounding-box center"}},{"type":"Feature","id":"way/1512939115","geometry":{"type":"Point","coordinates":[71.4002205,51.1706488]},"properties":{"amenity":"kindergarten","name":"№52 \"Еркетай\" балабақшасы","name:kk":"№52 \"Еркетай\" балабақшасы","name:ru":"Ясли-сад \"№52 \"Еркетай\"","category":"education","osmId":"way/1512939115","locationMethod":"OSM bounding-box center"}},{"type":"Feature","id":"way/1512939116","geometry":{"type":"Point","coordinates":[71.40235,51.1710572]},"properties":{"amenity":"school","name":"№60 мектеп-лицей","name:kk":"№60 мектеп-лицей","name:ru":"Школа-лицей №60","category":"education","osmId":"way/1512939116","locationMethod":"OSM bounding-box center"}},{"type":"Feature","id":"way/1512939120","geometry":{"type":"Point","coordinates":[71.4084525,51.173092]},"properties":{"amenity":"kindergarten","check_date":"2025-04-19","name":"Арт-терапия басым бағыттағы № 45 \"Самұрық\" балабақшасы","name:kk":"Арт-терапия басым бағыттағы № 45 \"Самұрық\" балабақшасы","name:ru":"Ясли-Сад №45 \"Самұрық\" с приоритетным направлением арт-терапии","category":"education","osmId":"way/1512939120","locationMethod":"OSM bounding-box center"}},{"type":"Feature","id":"way/1512939121","geometry":{"type":"Point","coordinates":[71.4134241,51.1740816]},"properties":{"amenity":"kindergarten","check_date":"2024-08-10","name":"№22 \"Әлем\" балабақшасы","name:kk":"№22 \"Әлем\" балабақшасы","name:ru":"Ясли-сад №22 \"Алем\"","category":"education","osmId":"way/1512939121","locationMethod":"OSM bounding-box center"}},{"type":"Feature","id":"way/1512939122","geometry":{"type":"Point","coordinates":[71.4152991,51.1743652]},"properties":{"amenity":"kindergarten","name":"№40 \"Құлпынай\" балабақшасы","name:kk":"№40 \"Құлпынай\" балабақшасы","name:ru":"Ясли-сад №40 \"Кулпынай\"","category":"education","osmId":"way/1512939122","locationMethod":"OSM bounding-box center"}},{"type":"Feature","id":"way/1512939123","geometry":{"type":"Point","coordinates":[71.4164782,51.1739219]},"properties":{"amenity":"school","name":"№2 арнайы мектеп","name:kk":"№2 арнайы мектеп","name:ru":"Специальная школа №2","category":"education","osmId":"way/1512939123","locationMethod":"OSM bounding-box center"}},{"type":"Feature","id":"way/1512939124","geometry":{"type":"Point","coordinates":[71.4217827,51.1734139]},"properties":{"amenity":"kindergarten","name":"№35 \"Ертегі\" балабақшасы","name:kk":"№35 \"Ертегі\" балабақшасы","name:ru":"Ясли-сад №35 \"Ертеги\"","category":"education","osmId":"way/1512939124","locationMethod":"OSM bounding-box center"}},{"type":"Feature","id":"way/1512939125","geometry":{"type":"Point","coordinates":[71.424669,51.170525]},"properties":{"amenity":"school","check_date":"2024-07-27","name":"№3 мектеп-гимназия","name:kk":"№3 мектеп-гимназия","name:ru":"Школа-гимназия №3","category":"education","osmId":"way/1512939125","locationMethod":"OSM bounding-box center"}},{"type":"Feature","id":"way/1512939126","geometry":{"type":"Point","coordinates":[71.4267526,51.1755696]},"properties":{"amenity":"kindergarten","check_date":"2024-07-28","name":"№80 \"Ботақан\" балабақшасы","name:kk":"№80 \"Ботақан\" балабақшасы","name:ru":"Ясли-сад №80 \"Ботақан\"","category":"education","osmId":"way/1512939126","locationMethod":"OSM bounding-box center"}},{"type":"Feature","id":"way/1512939127","geometry":{"type":"Point","coordinates":[71.4295889,51.1741353]},"properties":{"amenity":"school","name":"Жамбыл Жабаев атындағы №4 мектеп-гимназия","name:kk":"Жамбыл Жабаев атындағы №4 мектеп-гимназия","name:ru":"Школа-гимназия №4 имени Жамбыла Жабаева","category":"education","osmId":"way/1512939127","locationMethod":"OSM bounding-box center"}},{"type":"Feature","id":"way/1512939128","geometry":{"type":"Point","coordinates":[71.4325061,51.179957]},"properties":{"amenity":"kindergarten","name":"№27 \"Балауса\" балабақшасы","name:kk":"№27 \"Балауса\" балабақшасы","name:ru":"Ясли-сад №27 \"Балауса\"","category":"education","osmId":"way/1512939128","locationMethod":"OSM bounding-box center"}},{"type":"Feature","id":"way/1512939129","geometry":{"type":"Point","coordinates":[71.4184994,51.1834844]},"properties":{"amenity":"school","check_date":"2024-07-31","name":"№ 62 мектеп-лицей","name:kk":"№ 62 мектеп-лицей","name:ru":"Школа-лицей №62","category":"education","osmId":"way/1512939129","locationMethod":"OSM bounding-box center"}},{"type":"Feature","id":"way/1512939132","geometry":{"type":"Point","coordinates":[71.4185326,51.1821231]},"properties":{"amenity":"kindergarten","name":"№41 \"Балдырған\" балабақшасы","name:kk":"№41 \"Балдырған\" балабақшасы","name:ru":"Ясли-сад \"№41 \"Балдырган\"","category":"education","osmId":"way/1512939132","locationMethod":"OSM bounding-box center"}},{"type":"Feature","id":"way/1512939133","geometry":{"type":"Point","coordinates":[71.4033649,51.1888594]},"properties":{"amenity":"kindergarten","name":"№44 \"Үркер\" балабақшасы","name:kk":"№44 \"Үркер\" балабақшасы","name:ru":"Ясли-сад №44 \"Уркер\"","category":"education","osmId":"way/1512939133","locationMethod":"OSM bounding-box center"}},{"type":"Feature","id":"way/1512939134","geometry":{"type":"Point","coordinates":[71.4019016,51.1907267]},"properties":{"amenity":"school","education":"school","name":"№2 \"Дарын\" облыстық мамандандырылған мектеп-лицей-интернаты","name:kk":"№2 \"Дарын\" облыстық мамандандырылған мектеп-лицей-интернаты","name:ru":"Областная специализированная школа-лицей-интернат №2 \"Дарын\"","category":"education","osmId":"way/1512939134","locationMethod":"OSM bounding-box center"}},{"type":"Feature","id":"way/1512939135","geometry":{"type":"Point","coordinates":[71.4122225,51.1916126]},"properties":{"amenity":"school","name":"№25 орта мектеп","name:kk":"№25 орта мектеп","name:ru":"Средняя школа №25","phone":"+7 7172 383273","website":"http://25.astana-school.kz","category":"education","osmId":"way/1512939135","locationMethod":"OSM bounding-box center"}},{"type":"Feature","id":"way/1512939136","geometry":{"type":"Point","coordinates":[71.4136381,51.1910493]},"properties":{"amenity":"kindergarten","contact:phone":"+7 7172 380668","name":"№3 \"Күншуақ\" балабақшасы","name:kk":"№3 \"Күншуақ\" балабақшасы","name:ru":"Ясли-сад №3 \"Куншуак\"","category":"education","osmId":"way/1512939136","locationMethod":"OSM bounding-box center"}},{"type":"Feature","id":"way/1512939137","geometry":{"type":"Point","coordinates":[71.4181895,51.1894602]},"properties":{"amenity":"college","name":"Мағжан Жұмабаев атындағы халықаралық колледжі","name:kk":"Мағжан Жұмабаев атындағы халықаралық колледжі","name:ru":"Международный колледж имени Магжана Жумабаева","old_name:ru":"Гуманитарно-юридический колледж КазГЮУ","phone":"+7 7172 392618","website":"https://www.gukkazguu.kz/","category":"education","osmId":"way/1512939137","locationMethod":"OSM bounding-box center"}},{"type":"Feature","id":"way/1512939138","geometry":{"type":"Point","coordinates":[71.416582,51.1895117]},"properties":{"amenity":"college","name":"ЕҰУ колледжі","name:kk":"ЕҰУ колледжі","name:ru":"Колледж ЕНУ","category":"education","osmId":"way/1512939138","locationMethod":"OSM bounding-box center"}},{"type":"Feature","id":"way/1512939139","geometry":{"type":"Point","coordinates":[71.4176756,51.1872456]},"properties":{"addr:housenumber":"35","addr:street":"Әлия Молдағұлова көшесі","amenity":"school","education":"school","name":"№46 балабақша-мектеп-гимназия","name:kk":"№46 балабақша-мектеп-гимназия","name:ru":"Детский сад-школа-гимназия №46","phone":"+7 7172 398418","website":"https://46.astana-bilim.kz/?lang=ru","category":"education","osmId":"way/1512939139","locationMethod":"OSM bounding-box center"}},{"type":"Feature","id":"way/1512940954","geometry":{"type":"Point","coordinates":[71.4158652,51.181463]},"properties":{"addr:country":"KZ","addr:housenumber":"53","addr:street":"Бейбітшілік көшесі","amenity":"university","name":"Астана медицина университеті","name:kk":"Астана медицина университеті","name:ru":"Медицинский университет Астана","website":"https://amu.edu.kz/","category":"education","osmId":"way/1512940954","locationMethod":"OSM bounding-box center"}},{"type":"Feature","id":"way/1512942774","geometry":{"type":"Point","coordinates":[71.4326938,51.1668232]},"properties":{"amenity":"school","name":"№31 мектеп-гимназия","name:kk":"№31 мектеп-гимназия","name:ru":"Школа-гимназия №31","category":"education","osmId":"way/1512942774","locationMethod":"OSM bounding-box center"}},{"type":"Feature","id":"way/1512942775","geometry":{"type":"Point","coordinates":[71.4380855,51.161332]},"properties":{"addr:country":"KZ","addr:housenumber":"4","addr:street":"Шолпан Иманбаева көшесі","amenity":"school","email":"astmshpd_54@mail.ru","name":"Ақселеу Сейдімбек атындағы №54 мектеп-лицей","name:kk":"Ақселеу Сейдімбек атындағы №54 мектеп-лицей","name:ru":"Школа-лицей №54 имени Акселеу Сейдимбека","phone":"+7 (7172) 68 38 36","website":"https://54.astana-bilim.kz/","category":"education","osmId":"way/1512942775","locationMethod":"OSM bounding-box center"}},{"type":"Feature","id":"way/1512942776","geometry":{"type":"Point","coordinates":[71.4316551,51.1596982]},"properties":{"amenity":"school","education":"school","name":"Жұмабек Тәшенев атындағы №10 мектеп-гимназия","name:kk":"Жұмабек Тәшенев атындағы №10 мектеп-гимназия","name:ru":"Школа-гимназия №10 имени Жумабека Ташенева","category":"education","osmId":"way/1512942776","locationMethod":"OSM bounding-box center"}},{"type":"Feature","id":"way/1513435665","geometry":{"type":"Point","coordinates":[71.3924904,51.1690051]},"properties":{"amenity":"clinic","email":"apk10-astana@mail.ru","healthcare":"clinic","name":"№10 қалалық емхана","name:kk":"№10 қалалық емхана","name:ru":"Городская поликлиника №10","phone":"+7 (7172) 708-778","website":"https://emhana10.kz/","category":"health","osmId":"way/1513435665","locationMethod":"OSM bounding-box center"}},{"type":"Feature","id":"way/1513435666","geometry":{"type":"Point","coordinates":[71.3863006,51.1675515]},"properties":{"addr:housenumber":"13/3","addr:street":"Шаймерден Қосшығұлұлы көшесі","amenity":"kindergarten","education":"kindergarten","name":"№72 \"Жанарым\" балабақшасы","name:kk":"№72 \"Жанарым\" балабақшасы","name:ru":"Ясли-сад №72 \"Жанарым\"","category":"education","osmId":"way/1513435666","locationMethod":"OSM bounding-box center"}},{"type":"Feature","id":"way/1513435667","geometry":{"type":"Point","coordinates":[71.3840053,51.1676194]},"properties":{"amenity":"school","education":"school","name":"С. Сейфуллин ат. №80 мектеп-гимназия","name:kk":"С. Сейфуллин ат. №80 мектеп-гимназия","name:ru":"Школа-гимназия №80 им. С. Сейфуллина","category":"education","osmId":"way/1513435667","locationMethod":"OSM bounding-box center"}},{"type":"Feature","id":"way/1513435668","geometry":{"type":"Point","coordinates":[71.3795364,51.1693626]},"properties":{"amenity":"school","education":"school","name":"І. Есенберлин ат. №67 гимназия","name:kk":"І. Есенберлин ат. №67 гимназия","name:ru":"Гимназия №67 им. И. Есенберлина","category":"education","osmId":"way/1513435668","locationMethod":"OSM bounding-box center"}},{"type":"Feature","id":"way/1513435670","geometry":{"type":"Point","coordinates":[71.357494,51.1810505]},"properties":{"amenity":"college","name":"Urban College","old_name:ru":"Индустриально-экономический колледж","category":"education","osmId":"way/1513435670","locationMethod":"OSM bounding-box center"}},{"type":"Feature","id":"way/1513435671","geometry":{"type":"Point","coordinates":[71.3251761,51.1806546]},"properties":{"amenity":"school","education":"school","name":"№1 арнайы мектеп-интернаты","name:kk":"№1 арнайы мектеп-интернаты","name:ru":"Специальная школа-интернат №1","category":"education","osmId":"way/1513435671","locationMethod":"OSM bounding-box center"}},{"type":"Feature","id":"way/1513435672","geometry":{"type":"Point","coordinates":[71.3299565,51.1851291]},"properties":{"amenity":"kindergarten","education":"kindergarten","name":"№61 \"Шолпан\" балабақшасы","name:kk":"№61 \"Шолпан\" балабақшасы","name:ru":"Ясли-сад №61 \"Шолпан\"","category":"education","osmId":"way/1513435672","locationMethod":"OSM bounding-box center"}},{"type":"Feature","id":"way/1513435673","geometry":{"type":"Point","coordinates":[71.427678,51.1786233]},"properties":{"amenity":"school","check_date":"2024-09-03","name":"Ғ. Орманов ат. №7 мектеп-гимназия","name:kk":"Ғ. Орманов ат. №7 мектеп-гимназия","name:ru":"Школа-гимназия №7 им. Г. Орманова","category":"education","osmId":"way/1513435673","locationMethod":"OSM bounding-box center"}},{"type":"Feature","id":"way/1513435674","geometry":{"type":"Point","coordinates":[71.4264857,51.1792521]},"properties":{"amenity":"kindergarten","name":"\"Почемучка\" балаларды дамыту мектебінің мекемесі","name:kk":"\"Почемучка\" балаларды дамыту мектебінің мекемесі","name:ru":"Учреждение детской школы развития \"Почемучка\"","category":"education","osmId":"way/1513435674","locationMethod":"OSM bounding-box center"}},{"type":"Feature","id":"way/1513435675","geometry":{"type":"Point","coordinates":[71.4470048,51.172984]},"properties":{"amenity":"school","education":"school","name":"№8 мектеп-лицей","name:kk":"№8 мектеп-лицей","name:ru":"Школа-лицей №8","category":"education","osmId":"way/1513435675","locationMethod":"OSM bounding-box center"}},{"type":"Feature","id":"way/1513435676","geometry":{"type":"Point","coordinates":[71.4566455,51.1659473]},"properties":{"amenity":"school","name":"Т. Айбергенов ат. №16 жалпы орта білім беретін мектеп","name:kk":"Т. Айбергенов ат. №16 жалпы орта білім беретін мектеп","name:ru":"Общеобразовательная школа №16 им. Т. Айбергенова","category":"education","osmId":"way/1513435676","locationMethod":"OSM bounding-box center"}},{"type":"Feature","id":"way/1513435677","geometry":{"type":"Point","coordinates":[71.4555233,51.1630344]},"properties":{"amenity":"school","education":"school","name":"А. Құнанбайұлы ат. №87 мектеп-гимназия","name:kk":"А. Құнанбайұлы ат. №87 мектеп-гимназия","name:ru":"Школа-гимназия №87 им. А. Қунанбайулы","category":"education","osmId":"way/1513435677","locationMethod":"OSM bounding-box center"}},{"type":"Feature","id":"way/1513435678","geometry":{"type":"Point","coordinates":[71.454008,51.1615349]},"properties":{"amenity":"kindergarten","name":"№94 \"Сұңқар\" балабақшасы","name:kk":"№94 \"Сұңқар\" балабақшасы","name:ru":"Ясли-сад №94 \"Сұңқар\"","category":"education","osmId":"way/1513435678","locationMethod":"OSM bounding-box center"}},{"type":"Feature","id":"way/1513435679","geometry":{"type":"Point","coordinates":[71.4564247,51.1603202]},"properties":{"amenity":"kindergarten","education":"kindergarten","name":"№28 \"Жұлдыз\" санаториялық балабақшасы","name:kk":"№28 \"Жұлдыз\" санаториялық балабақшасы","name:ru":"Санаторный ясли-сад № 28 Жулдыз\"","category":"education","osmId":"way/1513435679","locationMethod":"OSM bounding-box center"}},{"type":"Feature","id":"way/1513435680","geometry":{"type":"Point","coordinates":[71.4542573,51.1586639]},"properties":{"amenity":"school","name":"№5 гимназия","name:kk":"№5 гимназия","name:ru":"Гимназия №5","category":"education","osmId":"way/1513435680","locationMethod":"OSM bounding-box center"}},{"type":"Feature","id":"way/1513435681","geometry":{"type":"Point","coordinates":[71.4580205,51.1580343]},"properties":{"amenity":"kindergarten","name":"№20 \"Арайлым\" балабақшасы","name:kk":"№20 \"Арайлым\" балабақшасы","name:ru":"Ясли-сад №20 \"Арайлым\"","category":"education","osmId":"way/1513435681","locationMethod":"OSM bounding-box center"}},{"type":"Feature","id":"way/1513435682","geometry":{"type":"Point","coordinates":[71.4404769,51.1541288]},"properties":{"amenity":"kindergarten","name":"№17 \"Ер-Төстік\" балабақшасы","name:kk":"№17 \"Ер-Төстік\" балабақшасы","name:ru":"Ясли-сад №17 \"Ер-Төстік\"","category":"education","osmId":"way/1513435682","locationMethod":"OSM bounding-box center"}},{"type":"Feature","id":"way/1513435683","geometry":{"type":"Point","coordinates":[71.4414356,51.1552655]},"properties":{"amenity":"school","name":"Қ. Қайсенов ат. №27 мектеп-лицей","name:kk":"Қ. Қайсенов ат. №27 мектеп-лицей","name:ru":"Школа-лицей №27 им. К. Кайсенова","category":"education","osmId":"way/1513435683","locationMethod":"OSM bounding-box center"}},{"type":"Feature","id":"way/1513435684","geometry":{"type":"Point","coordinates":[71.4401771,51.1565388]},"properties":{"amenity":"kindergarten","name":"№1 \"Бәйтерек\" балабақшасы","name:kk":"№1 \"Бәйтерек\" балабақшасы","name:ru":"Ясли-сад №1 \"Байтерек\"","category":"education","osmId":"way/1513435684","locationMethod":"OSM bounding-box center"}},{"type":"Feature","id":"way/1513435685","geometry":{"type":"Point","coordinates":[71.4733118,51.1578853]},"properties":{"amenity":"kindergarten","check_date":"2023-08-12","name":"№7 \"Аққу\" балабақшасы","name:kk":"№7 \"Аққу\" балабақшасы","name:ru":"Ясли-сад №7 \"Акку\"","category":"education","osmId":"way/1513435685","locationMethod":"OSM bounding-box center"}},{"type":"Feature","id":"way/1513435686","geometry":{"type":"Point","coordinates":[71.4711974,51.1535185]},"properties":{"amenity":"school","name":"А. Байтұрсынұлы ат. №48 мектеп-лицей","name:kk":"А. Байтұрсынұлы ат. №48 мектеп-лицей","name:ru":"Школа-лицей №48 им. А. Байтурсынулы","category":"education","osmId":"way/1513435686","locationMethod":"OSM bounding-box center"}},{"type":"Feature","id":"way/1513435687","geometry":{"type":"Point","coordinates":[71.4760845,51.1534882]},"properties":{"amenity":"school","name":"№22 мектеп-гимназия","name:kk":"№22 мектеп-гимназия","name:ru":"Школа-гимназия №22","category":"education","osmId":"way/1513435687","locationMethod":"OSM bounding-box center"}},{"type":"Feature","id":"way/1513435688","geometry":{"type":"Point","coordinates":[71.4652753,51.1501266]},"properties":{"amenity":"kindergarten","name":"№24 \"Айналайын\" балабақшасы","name:kk":"№24 \"Айналайын\" балабақшасы","name:ru":"Ясли-сад №24 \"Айналайын\"","category":"education","osmId":"way/1513435688","locationMethod":"OSM bounding-box center"}},{"type":"Feature","id":"way/1513435689","geometry":{"type":"Point","coordinates":[71.4665957,51.1501866]},"properties":{"amenity":"school","name":"№30 мектеп-гимназия","name:kk":"№30 мектеп-гимназия","name:ru":"Школа-гимназия №30","category":"education","osmId":"way/1513435689","locationMethod":"OSM bounding-box center"}},{"type":"Feature","id":"way/1513435690","geometry":{"type":"Point","coordinates":[71.4646145,51.1519218]},"properties":{"amenity":"kindergarten","name":"№49 \"Алтынай\" балабақшасы","name:kk":"№49 \"Алтынай\" балабақшасы","name:ru":"Ясли-сад №49 \"Алтынай\"","category":"education","osmId":"way/1513435690","locationMethod":"OSM bounding-box center"}},{"type":"Feature","id":"way/1513435691","geometry":{"type":"Point","coordinates":[71.461658,51.1497811]},"properties":{"addr:housenumber":"8","addr:street":"улица Алексея Петрова","amenity":"school","name":"№28 мектеп-лицей","name:kk":"№28 мектеп-лицей","name:ru":"Школа-лицей №28","category":"education","osmId":"way/1513435691","locationMethod":"OSM bounding-box center"}},{"type":"Feature","id":"way/1513435694","geometry":{"type":"Point","coordinates":[71.5281397,51.140491]},"properties":{"amenity":"hospital","healthcare":"hospital","name":"№2 көпбейінді қалалық балалар ауруханасы","name:kk":"№2 көпбейінді қалалық балалар ауруханасы","name:ru":"Многопрофильная городская детская больница №2","phone":"+7 7172 70-97-86","website":"http://www.gdb2astana.kz/index.php/ru/","category":"health","osmId":"way/1513435694","locationMethod":"OSM bounding-box center"}},{"type":"Feature","id":"way/1513435695","geometry":{"type":"Point","coordinates":[71.5180658,51.1505026]},"properties":{"amenity":"school","education":"school","name":"Б. Майлин ат. №52 мектеп-гимназия","name:kk":"Б. Майлин ат. №52 мектеп-гимназия","name:ru":"Школа-гимназия №52 им. Б. Майлина","category":"education","osmId":"way/1513435695","locationMethod":"OSM bounding-box center"}},{"type":"Feature","id":"way/1513435696","geometry":{"type":"Point","coordinates":[71.5191134,51.1514785]},"properties":{"amenity":"kindergarten","education":"kindergarten","name":"№38 \"Шаттық\" балабақшасы","name:kk":"№38 \"Шаттық\" балабақшасы","name:ru":"Ясли-сад №38 \"Шаттык\"","category":"education","osmId":"way/1513435696","locationMethod":"OSM bounding-box center"}},{"type":"Feature","id":"way/1513435699","geometry":{"type":"Point","coordinates":[71.4932883,51.1559832]},"properties":{"addr:country":"KZ","addr:housenumber":"44/3","addr:street":"улица Куйши Дина","amenity":"school","grades":"0-11","name":"С. Мәуленов ат. №37 мектеп-лицей","name:kk":"С. Мәуленов ат. №37 мектеп-лицей","name:ru":"Школа-лицей №37 и. С. Мауленова","category":"education","osmId":"way/1513435699","locationMethod":"OSM bounding-box center"}},{"type":"Feature","id":"way/1513435700","geometry":{"type":"Point","coordinates":[71.4921721,51.155099]},"properties":{"amenity":"kindergarten","education":"kindergarten","name":"№33 \"Алтын дән\" балабақшасы","name:kk":"№33 \"Алтын дән\" балабақшасы","name:ru":"Ясли-сад №33 \"Алтын дан\"","category":"education","osmId":"way/1513435700","locationMethod":"OSM bounding-box center"}},{"type":"Feature","id":"way/1513435701","geometry":{"type":"Point","coordinates":[71.4813278,51.1589302]},"properties":{"amenity":"college","education":"college","name":"Гуманитарлық колледж","name:kk":"Гуманитарлық колледж","name:ru":"Гуманитарный колледж","category":"education","osmId":"way/1513435701","locationMethod":"OSM bounding-box center"}},{"type":"Feature","id":"way/1513435702","geometry":{"type":"Point","coordinates":[71.4788201,51.1597877]},"properties":{"amenity":"hospital","healthcare":"hospital","name":"Академик Н.Ж. Батпенов атындағы Ұлттық ғылыми травматология және ортопедия орталығы","name:kk":"Академик Н.Ж. Батпенов атындағы Ұлттық ғылыми травматология және ортопедия орталығы","name:ru":"Национальный научный центр травматологии и ортопедии имени академика Н.Д. Батпенова","category":"health","osmId":"way/1513435702","locationMethod":"OSM bounding-box center"}},{"type":"Feature","id":"way/1513435703","geometry":{"type":"Point","coordinates":[71.4805737,51.161525]},"properties":{"amenity":"school","education":"school","name":"№114 жалпы орта білім беретін мектеп","name:kk":"№114 жалпы орта білім беретін мектеп","name:ru":"Общеобразовательная школа №114","category":"education","osmId":"way/1513435703","locationMethod":"OSM bounding-box center"}},{"type":"Feature","id":"way/1513435704","geometry":{"type":"Point","coordinates":[71.490823,51.1613241]},"properties":{"amenity":"clinic","healthcare":"clinic","name":"Көпсалалы медициналық орталық","name:kk":"Көпсалалы медициналық орталық","name:ru":"Многопрофильный медицинский центр","category":"health","osmId":"way/1513435704","locationMethod":"OSM bounding-box center"}},{"type":"Feature","id":"way/1513992056","geometry":{"type":"Point","coordinates":[71.4622481,51.1477735]},"properties":{"amenity":"kindergarten","name":"№21 \"Гүлдер\" балабақшасы","name:ru":"Ясли-сад №21 \"Гульдер\"","category":"education","osmId":"way/1513992056","locationMethod":"OSM bounding-box center"}},{"type":"Feature","id":"way/1513992057","geometry":{"type":"Point","coordinates":[71.4666509,51.1450828]},"properties":{"amenity":"school","name":"Райымбек батыр ат. №50 \"Қазғарыш\" мектеп-лицей","name:kk":"Райымбек батыр ат. №50 \"Қазғарыш\" мектеп-лицей","name:ru":"Школа-лицей \"Қазгарыш\" №50 им. Райымбек батыра","category":"education","osmId":"way/1513992057","locationMethod":"OSM bounding-box center"}},{"type":"Feature","id":"way/1513992058","geometry":{"type":"Point","coordinates":[71.479019,51.1446402]},"properties":{"addr:housenumber":"3","addr:street":"улица Аманат","amenity":"clinic","healthcare":"clinic","name":"№6 қалалық емхана","name:ru":"Городская поликлиника №6","phone":"+7 (7172) 358 396","website":"https://www.emhana6.kz/","category":"health","osmId":"way/1513992058","locationMethod":"OSM bounding-box center"}},{"type":"Feature","id":"way/1513992059","geometry":{"type":"Point","coordinates":[71.4809581,51.1435032]},"properties":{"amenity":"school","name":"М. Шоқай ат. №51 мектеп-гимназия","name:ru":"Школа-гимназия №51 им. М. Шокая","category":"education","osmId":"way/1513992059","locationMethod":"OSM bounding-box center"}},{"type":"Feature","id":"way/1513992060","geometry":{"type":"Point","coordinates":[71.4645592,51.1338662]},"properties":{"amenity":"school","name":"Т. Жүргенов ат. №70 мектеп-лицей","name:kk":"Т. Жүргенов ат. №70 мектеп-лицей","name:ru":"Школа-лицей №70 им. Т. Жургенова","category":"education","osmId":"way/1513992060","locationMethod":"OSM bounding-box center"}},{"type":"Feature","id":"way/1513992061","geometry":{"type":"Point","coordinates":[71.4622495,51.131691]},"properties":{"amenity":"school","education":"school","name":"Ақжан Әл-Машани ат. №92 мектеп-лицей","name:kk":"Ақжан Әл-Машани ат. №92 мектеп-лицей","name:ru":"Школа-лицей №92 им. Ақжан Әл-Машани","category":"education","osmId":"way/1513992061","locationMethod":"OSM bounding-box center"}},{"type":"Feature","id":"way/1513992063","geometry":{"type":"Point","coordinates":[71.4633635,51.1306229]},"properties":{"amenity":"kindergarten","name":"№73 \"Аяулым\" балабақшасы","name:kk":"№73 \"Аяулым\" балабақшасы","name:ru":"Ясли-сад №73 \"Аяулым\"","category":"education","osmId":"way/1513992063","locationMethod":"OSM bounding-box center"}},{"type":"Feature","id":"way/1513992066","geometry":{"type":"Point","coordinates":[71.4811433,51.1273006]},"properties":{"amenity":"kindergarten","education":"kindergarten","name":"Spectrum International Kindergarten","category":"education","osmId":"way/1513992066","locationMethod":"OSM bounding-box center"}},{"type":"Feature","id":"way/1513992067","geometry":{"type":"Point","coordinates":[71.4793348,51.1268663]},"properties":{"addr:housenumber":"11","addr:street":"Рақымжан Қошқарбаев даңғылы","amenity":"school","education":"school","name":"Spectrum International School","category":"education","osmId":"way/1513992067","locationMethod":"OSM bounding-box center"}},{"type":"Feature","id":"way/1513992068","geometry":{"type":"Point","coordinates":[71.4786437,51.1273893]},"properties":{"amenity":"school","education":"school","name":"Nurorda","category":"education","osmId":"way/1513992068","locationMethod":"OSM bounding-box center"}},{"type":"Feature","id":"way/1513994407","geometry":{"type":"Point","coordinates":[71.4139169,51.1870156]},"properties":{"amenity":"kindergarten","name":"№31 \"Ақ сұңқар\" балабақшасы","name:ru":"Ясли-сад №31 \"Ак сункар\"","category":"education","osmId":"way/1513994407","locationMethod":"OSM bounding-box center"}},{"type":"Feature","id":"way/1519562354","geometry":{"type":"Point","coordinates":[71.401831,51.1951684]},"properties":{"amenity":"kindergarten","name":"№6 \"Көктем\" балабақшасы","name:ru":"Ясли-сад №6 \"Көктем\"","category":"education","osmId":"way/1519562354","locationMethod":"OSM bounding-box center"}},{"type":"Feature","id":"way/1519562355","geometry":{"type":"Point","coordinates":[71.3818232,51.1987865]},"properties":{"amenity":"school","name":"Қ. Сәтбаев ат. №61 мектеп-лицей","name:kk":"Қ. Сәтбаев ат. №61 мектеп-лицей","name:ru":"Школа-лицей №61 им. К. Сатпаева","opening_hours":"Mo-Fr 08:00-19:00; Sa 08:00-18:00","phone":"+7 7172 50 15 86","website":"https://61.astana-bilim.kz/","category":"education","osmId":"way/1519562355","locationMethod":"OSM bounding-box center"}},{"type":"Feature","id":"way/1519562357","geometry":{"type":"Point","coordinates":[71.4493369,51.1650334]},"properties":{"amenity":"school","name":"№119 жалпы орта білім беретін мектеп","name:kk":"№119 жалпы орта білім беретін мектеп","name:ru":"Общеобразовательная школа №119","category":"education","osmId":"way/1519562357","locationMethod":"OSM bounding-box center"}},{"type":"Feature","id":"way/1519562358","geometry":{"type":"Point","coordinates":[71.4481779,51.1660125]},"properties":{"addr:housenumber":"4","addr:street":"улица Элимхана Сембинова","amenity":"clinic","email":"8poliklinika@mail.ru","healthcare":"clinic","name":"№8 қалалық емхана","name:kk":"№8 қалалық емхана","name:ru":"Городская поликлиника №8","phone":"+7 (7172) 37-30-82","website":"http://www.emhana8.kz/","category":"health","osmId":"way/1519562358","locationMethod":"OSM bounding-box center"}},{"type":"Feature","id":"way/1523427656","geometry":{"type":"Point","coordinates":[71.3730955,51.0045008]},"properties":{"amenity":"school","education":"school","name":"№2 жалпы орта білім беретін мектебі","name:kk":"№2 жалпы орта білім беретін мектебі","name:ru":"Общеобразовательная школа №2","category":"education","osmId":"way/1523427656","locationMethod":"OSM bounding-box center"}},{"type":"Feature","id":"way/1523427658","geometry":{"type":"Point","coordinates":[71.3691876,51.0076409]},"properties":{"amenity":"school","education":"school","name":"Мектеп-гимназия","name:kk":"Мектеп-гимназия","name:ru":"Школа-гимназия","category":"education","osmId":"way/1523427658","locationMethod":"OSM bounding-box center"}},{"type":"Feature","id":"way/1523427660","geometry":{"type":"Point","coordinates":[71.3680467,50.9978753]},"properties":{"amenity":"school","education":"school","name":"№3 мектеп-лицей","name:kk":"№3 мектеп-лицей","name:ru":"Школа-лицей №3","category":"education","osmId":"way/1523427660","locationMethod":"OSM bounding-box center"}},{"type":"Feature","id":"relation/3464850","geometry":{"type":"Point","coordinates":[71.4846275,51.1580212]},"properties":{"addr:city":"Астана","addr:country":"KZ","addr:housenumber":"25/3","addr:street":"проспект Абылай Хана","amenity":"school","building":"yes","type":"multipolygon","category":"education","osmId":"relation/3464850","locationMethod":"OSM bounding-box center"}},{"type":"Feature","id":"relation/6798127","geometry":{"type":"Point","coordinates":[71.4728977,51.122765]},"properties":{"addr:city":"Астана","addr:country":"KZ","addr:housenumber":"50","addr:street":"Тәуелсіздік даңғылы","amenity":"university","building":"university","education":"university","name":"Өнер Университеті","name:de":"Universität der Künste","name:en":"University of the Arts","name:es":"Universidad de las Artes","type":"multipolygon","website":"http://kaznui.kz","category":"education","osmId":"relation/6798127","locationMethod":"OSM bounding-box center"}},{"type":"Feature","id":"relation/13009591","geometry":{"type":"Point","coordinates":[71.4677455,51.1579958]},"properties":{"amenity":"university","contact:email":"enu@enu.kz","contact:phone":"+7 7172 709457","contact:website":"http://www.enu.kz/","description":"Қазіргі таңда Еуразия ұлттық университеті Қазақстандағы жетекші білім беру, ғылыми және мәдени орталықтардың бірі болып табылады.","description:ru":"Сегодня Евразийский национальный университет является одним из ведущих образовательных, научных, культурных центров Казахстана","name":"Л.Н.Гумилев атындағы Еуразия ұлттық университеті","name:en":"L.N. Gumilyov Eurasian National University Kazakhstan","name:kk":"Л.Н.Гумилев атындағы Еуразия ұлттық университеті","name:ru":"Евразийский Национальный Университет им. Льва Николаевича Гумилева","note":"amenity=university ставят на всю территорию университета, т.к. университеты (а так же детские сады, школы и т.д.) не ограничиваются стенами помещения а имеют весьма обширную территорию","type":"multipolygon","wikidata":"Q127745","wikipedia":"kk:Еуразия ұлттық университеті","category":"education","osmId":"relation/13009591","locationMethod":"OSM bounding-box center"}},{"type":"Feature","id":"relation/20679172","geometry":{"type":"Point","coordinates":[71.4174154,51.1829206]},"properties":{"alt_name:ru":"Перинатальный центр №3","amenity":"hospital","email":"pgastana@list.ru","healthcare":"hospital","name":"№3 көпбейінді қалалық аурухана","name:kk":"№3 көпбейінді қалалық аурухана","name:ru":"Многопрофильной городской больницы №3","phone":"+7 7172 395819;+7 7172 395739","type":"multipolygon","website":"http://pc3-astana.kz/","category":"health","osmId":"relation/20679172","locationMethod":"OSM bounding-box center"}},{"type":"Feature","id":"relation/20682807","geometry":{"type":"Point","coordinates":[71.4924013,51.1459786]},"properties":{"amenity":"hospital","healthcare":"hospital","name":"№1 көпбейінді қалалық аурухана","name:kk":"№1 көпбейінді қалалық аурухана","name:ru":"Многопрофильная городская больница №1","phone":"+7 7172 23 16 01","type":"multipolygon","website":"http://www.auruhana1.kz/index.php/ru/","category":"health","osmId":"relation/20682807","locationMethod":"OSM bounding-box center"}}]}